# TimeStamp (s), BrakeCommand (%), Actual Brake Torque (%), Motor Current (A), Motor Speed (%)
0.00,0.00,3.30,3.72,17.70
0.02,0.00,3.80,7.44,18.00
0.04,0.00,2.20,0.48,19.72
0.06,0.00,2.20,4.92,21.55
0.08,0.00,4.40,0.54,22.03
0.10,0.00,3.80,1.50,20.86
0.12,0.00,1.10,5.88,19.20
0.14,0.00,2.20,6.78,18.48
0.16,0.00,5.50,1.80,19.36
0.18,0.00,4.40,2.16,20.72
0.20,0.00,3.30,0.78,21.26
0.23,0.00,2.80,1.14,20.47
0.25,0.00,3.80,4.44,19.42
0.27,0.00,1.70,4.86,19.08
0.29,0.00,1.70,0.90,19.66
0.31,0.00,3.30,1.02,20.47
0.33,0.00,1.10,1.02,20.75
0.35,0.00,1.10,1.68,20.34
0.37,0.00,1.10,2.94,19.72
0.39,0.00,2.20,3.78,19.38
0.41,0.00,3.80,1.26,19.68
0.43,0.00,4.90,0.60,20.13
0.45,0.00,1.10,0.06,20.36
0.47,0.00,2.80,1.02,20.20
0.49,0.00,2.80,2.94,19.82
0.51,0.00,2.80,2.70,19.71
0.53,0.00,1.70,1.02,19.88
0.56,0.00,3.80,0.36,20.18
0.58,0.00,4.90,0.66,20.25
0.60,0.00,4.40,1.62,20.06
0.62,0.00,3.80,2.82,19.85
0.64,0.00,1.70,1.92,19.83
0.66,0.00,2.80,1.02,19.96
0.68,0.00,2.20,0.84,20.09
0.70,0.00,3.80,1.50,20.06
nan,nan,nan,nan,nan
0.72,0.00,4.40,1.98,19.97
0.74,0.00,2.20,1.44,19.96
0.76,0.00,4.90,1.02,20.02
0.78,0.00,3.30,0.96,20.09
0.80,0.00,4.40,1.44,20.06
0.82,0.00,1.10,1.92,19.95
0.84,0.00,2.80,1.98,19.95
0.86,0.00,3.30,1.08,20.02
0.88,0.00,3.80,1.08,20.09
0.90,0.00,3.80,1.08,20.05
0.93,0.00,2.80,1.92,19.94
0.95,0.00,3.30,1.92,19.92
0.97,0.00,3.30,1.08,20.00
0.99,0.00,2.80,0.96,20.06
1.01,0.00,1.10,0.90,20.09
1.03,0.00,1.70,1.74,20.03
1.05,0.00,1.70,1.98,19.92
1.07,0.00,3.80,1.98,19.94
1.09,0.00,3.30,1.14,20.02
1.11,0.00,1.70,0.78,20.11
1.13,0.00,-1.60,1.14,20.11
1.15,0.00,3.80,1.98,19.96
1.17,0.00,1.10,1.92,19.89
1.19,0.00,1.10,1.20,19.94
1.21,0.00,2.80,1.02,20.02
1.23,0.00,1.10,1.08,20.05
1.25,0.00,3.80,1.14,20.03
1.27,0.00,2.80,1.08,20.02
1.29,0.00,2.20,1.14,20.01
1.32,0.00,1.70,1.08,19.98
1.34,0.00,4.40,1.26,19.97
1.36,0.00,2.20,1.08,19.96
1.38,0.00,5.50,1.98,19.93
1.40,0.00,3.80,0.96,19.97
1.42,0.00,1.70,1.02,20.02
1.44,0.00,1.70,1.08,20.03
1.46,0.00,1.70,1.26,20.02
1.48,0.00,24.60,1.32,19.99
1.50,0.00,2.80,1.02,19.99
1.52,0.00,5.50,1.14,19.97
nan,nan,nan,nan,nan
1.54,0.00,3.80,1.86,19.95
1.56,0.00,4.40,1.32,19.98
1.58,0.00,4.40,1.14,20.05
1.60,0.00,2.20,1.08,20.06
1.62,0.00,2.80,0.84,20.06
1.64,0.00,3.30,1.14,20.03
1.66,0.00,3.80,1.26,20.02
1.68,0.00,3.30,1.02,20.01
1.70,0.00,2.20,0.96,19.98
1.72,0.00,2.80,1.08,19.98
1.75,0.00,1.70,1.08,19.96
1.77,0.00,4.90,1.98,19.94
1.79,0.00,4.40,0.90,19.98
1.81,0.00,4.90,1.08,20.05
1.83,0.00,3.30,1.26,20.07
1.85,0.00,4.90,1.08,20.06
1.87,0.00,2.20,0.78,20.04
1.89,0.00,1.10,1.02,20.03
1.91,0.00,2.80,1.20,20.01
1.93,0.00,3.30,0.90,19.98
1.95,0.00,6.60,1.08,19.98
1.97,0.00,0.00,1.02,19.95
1.99,0.00,3.80,2.04,19.94
2.01,6.80,4.40,1.02,19.96
2.03,6.80,7.60,0.96,20.01
2.05,6.80,6.00,1.02,20.02
2.07,6.80,5.50,1.74,19.99
2.10,6.80,6.60,1.92,19.94
2.12,6.80,6.60,1.08,19.96
2.14,6.80,6.60,1.02,19.98
2.16,6.80,5.50,1.38,19.96
2.18,6.80,4.90,2.04,19.93
2.20,6.80,4.90,1.86,19.92
2.22,6.80,7.10,0.90,20.01
2.24,6.80,8.20,0.84,20.07
2.26,6.80,7.60,1.26,20.05
nan,nan,nan,nan,nan
2.28,6.80,6.00,1.02,20.02
2.30,6.80,6.60,1.86,19.96
2.32,6.80,7.60,1.98,19.93
2.34,6.80,8.70,0.96,20.00
2.36,6.80,5.50,1.38,20.05
2.38,6.80,4.90,0.84,20.04
2.40,6.80,7.10,1.74,19.99
2.42,6.80,6.60,1.92,19.92
2.45,6.80,6.00,1.92,19.92
2.47,6.80,7.60,1.02,19.99
2.49,6.80,6.00,1.02,20.06
2.51,6.80,8.70,1.56,20.06
2.53,6.80,4.90,1.26,20.00
2.55,6.80,7.60,1.92,19.96
2.57,6.80,6.60,1.98,19.93
2.59,6.80,5.50,1.08,19.99
2.61,6.80,7.10,1.02,20.05
2.63,6.80,9.30,1.20,20.03
2.65,6.80,8.20,1.98,19.98
2.67,6.80,6.60,1.02,19.98
2.69,6.80,6.60,1.20,19.99
2.71,6.80,4.40,1.92,19.97
2.73,6.80,5.50,1.92,19.96
2.75,6.80,8.20,1.14,20.01
2.78,6.80,8.70,1.02,20.08
2.80,6.80,6.60,1.62,20.05
2.82,6.80,6.60,1.62,20.02
2.84,6.80,5.50,1.02,19.99
2.86,6.80,9.30,1.98,19.93
2.88,6.80,6.60,1.80,19.92
2.90,6.80,6.00,1.20,19.99
nan,nan,nan,nan,nan
2.92,6.80,8.20,1.08,20.04
2.94,6.80,7.60,1.26,20.04
2.96,6.80,9.80,1.26,20.00
2.98,6.80,9.30,1.98,19.95
3.00,6.80,4.90,1.98,19.95
3.02,6.80,7.10,0.84,20.00
3.04,6.80,4.90,1.02,20.08
3.07,6.80,6.60,1.32,20.07
3.09,6.80,8.20,1.50,20.02
3.11,6.80,5.50,1.32,19.99
3.13,6.80,10.90,1.86,19.94
3.15,6.80,6.00,1.92,19.92
3.17,6.80,7.10,1.02,20.00
3.19,6.80,9.30,0.96,20.04
3.21,6.80,7.10,1.02,20.03
3.23,6.80,5.50,1.80,20.00
3.25,6.80,7.10,1.80,19.94
3.27,6.80,7.10,1.74,19.94
3.29,6.80,7.60,1.08,20.00
3.31,6.80,9.30,0.96,20.05
3.33,6.80,6.00,1.38,20.05
3.35,6.80,7.10,1.08,20.01
3.37,6.80,2.80,1.86,19.97
3.40,6.80,6.60,1.74,19.97
3.42,6.80,6.60,0.96,20.03
nan,nan,nan,nan,nan
3.44,6.80,6.60,1.02,20.12
3.46,6.80,9.30,1.44,20.07
3.48,6.80,7.60,1.92,19.96
3.50,6.80,7.10,1.98,19.94
3.52,6.80,9.30,0.96,19.99
3.54,6.80,7.60,1.14,20.06
3.56,6.80,7.60,1.44,20.05
3.58,6.80,6.60,1.02,20.01
3.60,6.80,8.20,0.96,19.99
3.62,6.80,7.10,2.04,19.94
3.64,6.80,6.60,1.92,19.92
3.66,6.80,7.60,1.02,20.01
3.68,6.80,4.40,1.02,20.06
3.70,6.80,6.00,1.38,20.06
3.72,6.80,6.00,1.80,20.04
3.75,6.80,8.70,1.02,19.98
3.77,6.80,8.20,1.92,19.95
3.79,6.80,6.00,1.62,19.94
3.81,6.80,5.50,1.02,20.03
3.83,6.80,6.00,0.90,20.10
3.85,6.80,7.10,1.26,20.04
3.87,6.80,9.80,2.04,19.94
3.89,6.80,7.10,1.98,19.91
3.91,6.80,6.00,1.98,19.95
3.93,6.80,6.60,0.96,20.06
3.95,6.80,7.60,0.96,20.12
3.97,6.80,8.20,1.26,20.08
3.99,6.80,8.20,2.04,19.98
4.01,13.60,6.00,1.86,19.93
4.03,13.60,12.50,1.08,19.99
4.06,13.60,13.10,1.74,20.02
4.08,13.60,14.70,1.86,19.95
4.10,13.60,12.50,1.74,19.90
4.12,13.60,14.20,1.92,19.90
4.14,13.60,12.00,1.86,19.91
4.16,13.60,11.40,1.86,19.95
4.18,13.60,13.60,1.92,19.96
4.20,13.60,14.20,1.92,19.98
4.22,13.60,12.50,1.86,19.99
4.24,13.60,14.20,2.04,19.94
nan,nan,nan,nan,nan
4.26,13.60,12.00,2.40,19.88
4.28,13.60,13.60,2.28,19.87
4.30,13.60,13.10,1.80,19.94
4.32,13.60,13.60,1.02,20.03
4.34,13.60,14.70,1.98,20.01
4.36,13.60,15.80,1.98,19.93
4.38,13.60,12.50,1.92,19.91
4.40,13.60,13.10,2.10,19.88
4.42,13.60,13.60,1.98,19.89
4.45,13.60,14.70,1.86,20.00
4.47,13.60,15.20,1.14,20.11
4.49,13.60,12.50,1.56,20.12
4.51,13.60,14.20,1.98,20.01
4.53,13.60,14.20,2.88,19.89
4.55,13.60,14.20,2.16,19.89
4.57,13.60,13.10,1.74,19.97
4.59,13.60,12.50,1.20,20.08
4.61,13.60,13.10,1.86,20.08
4.63,13.60,14.20,2.04,19.97
4.65,13.60,15.20,2.16,19.88
4.67,13.60,13.60,1.86,19.88
4.69,13.60,13.10,1.98,19.97
4.71,13.60,13.10,1.02,20.10
4.73,13.60,12.00,1.44,20.09
4.75,13.60,13.10,1.92,20.00
4.77,13.60,13.60,2.58,19.90
4.79,13.60,14.20,1.98,19.89
4.81,13.60,13.60,1.56,20.01
4.83,13.60,13.10,1.02,20.11
4.85,13.60,15.80,1.98,20.10
4.87,13.60,12.50,2.04,20.01
4.90,13.60,11.40,2.16,19.90
4.92,13.60,14.70,1.98,19.90
4.94,13.60,12.00,1.44,20.02
4.96,13.60,12.50,1.02,20.10
4.98,13.60,13.10,1.14,20.11
5.00,13.60,12.50,2.22,19.99
5.02,13.60,13.10,2.58,19.87
5.04,13.60,15.20,1.98,19.90
5.06,13.60,12.00,1.02,20.03
nan,nan,nan,nan,nan
5.08,13.60,14.70,1.50,20.11
5.10,13.60,14.20,1.92,20.06
5.12,13.60,14.20,1.98,19.97
5.14,13.60,15.80,1.86,19.96
5.16,13.60,13.60,1.98,19.97
5.18,13.60,13.10,1.98,19.97
5.20,13.60,12.50,1.92,20.00
5.22,13.60,15.80,1.86,20.00
5.24,13.60,14.70,1.92,20.01
5.27,13.60,13.10,1.92,20.03
5.29,13.60,14.20,1.98,20.03
5.31,13.60,12.00,1.98,20.04
5.33,13.60,11.40,1.92,20.05
5.35,13.60,15.80,1.98,20.04
5.37,13.60,13.60,1.20,20.07
5.39,13.60,14.20,2.04,20.03
5.41,13.60,14.70,2.04,19.96
5.44,13.60,13.60,1.98,19.94
5.46,13.60,13.60,1.68,19.94
5.48,13.60,12.00,1.92,19.96
5.50,13.60,16.30,1.80,19.97
5.52,13.60,13.60,1.92,19.97
5.54,13.60,14.20,1.80,19.99
5.56,13.60,14.20,1.98,19.98
5.58,13.60,12.00,1.98,20.00
nan,nan,nan,nan,nan
5.60,13.60,14.70,1.98,20.02
5.62,13.60,12.50,1.98,20.01
5.64,13.60,13.60,1.86,20.04
5.66,13.60,15.20,1.92,20.04
5.68,13.60,12.00,2.10,20.05
5.70,13.60,13.10,1.68,20.07
5.72,13.60,13.10,1.92,20.04
5.75,13.60,11.40,1.98,19.98
5.77,13.60,14.20,1.98,19.97
5.79,13.60,16.90,1.92,19.97
5.81,13.60,13.60,1.98,19.99
5.83,13.60,12.00,1.98,20.00
5.85,13.60,14.20,1.92,20.00
5.87,13.60,14.20,2.04,20.03
5.89,13.60,12.00,1.92,20.02
5.91,13.60,14.70,1.98,20.03
5.93,13.60,12.50,1.92,20.04
5.95,13.60,12.50,1.98,20.03
5.97,13.60,13.10,1.44,20.04
5.99,13.60,14.20,2.04,20.01
6.02,20.40,13.10,2.76,19.92
6.04,20.40,16.90,1.98,19.94
6.06,20.40,21.20,1.92,19.95
6.08,20.40,22.30,2.88,19.91
6.10,20.40,19.60,2.88,19.86
6.12,20.40,21.20,2.88,19.85
6.14,20.40,18.50,2.10,19.90
nan,nan,nan,nan,nan
6.16,20.40,19.00,2.04,19.92
6.18,20.40,18.00,2.40,19.94
6.20,20.40,19.60,1.98,19.97
6.22,20.40,22.80,2.94,19.95
6.24,20.40,20.10,2.82,19.88
6.26,20.40,22.30,3.00,19.85
6.29,20.40,21.20,2.94,19.81
6.31,20.40,20.70,2.10,19.90
6.33,20.40,20.10,2.40,19.97
6.35,20.40,22.80,2.64,19.99
6.37,20.40,20.10,2.88,19.99
6.39,20.40,19.00,2.88,19.94
6.41,20.40,18.50,2.94,19.90
6.43,20.40,19.60,2.58,19.91
6.45,20.40,22.30,1.98,19.96
6.47,20.40,21.80,2.34,20.00
6.49,20.40,21.20,2.58,19.98
6.51,20.40,19.00,2.88,19.94
6.53,20.40,18.00,3.00,19.92
6.55,20.40,19.00,2.82,19.91
6.57,20.40,20.10,1.92,20.03
6.60,20.40,19.60,1.98,20.09
6.62,20.40,20.10,2.88,19.99
6.64,20.40,20.70,2.88,19.88
6.66,20.40,20.70,2.88,19.86
6.68,20.40,18.00,1.98,19.94
6.70,20.40,18.50,1.98,20.06
6.72,20.40,19.00,2.76,20.05
nan,nan,nan,nan,nan
6.74,20.40,21.80,2.88,19.99
6.76,20.40,24.50,3.12,19.95
6.78,20.40,18.50,2.16,19.95
6.80,20.40,21.20,2.16,20.05
6.82,20.40,23.40,1.92,20.09
6.84,20.40,21.80,2.94,20.06
6.86,20.40,22.30,2.82,20.00
6.88,20.40,22.30,2.82,19.96
6.90,20.40,19.00,2.40,19.95
6.92,20.40,20.70,2.64,19.98
6.94,20.40,21.20,2.04,19.97
6.96,20.40,20.10,2.82,19.96
6.99,20.40,18.00,2.82,19.93
7.01,20.40,20.70,2.88,19.94
7.03,20.40,21.20,1.86,20.07
7.05,20.40,21.80,1.80,20.13
7.07,20.40,20.70,2.94,20.04
7.09,20.40,19.60,3.00,19.94
7.11,20.40,20.10,2.82,19.93
7.13,20.40,20.10,1.98,20.04
7.15,20.40,21.20,1.98,20.14
7.17,20.40,24.50,1.98,20.11
7.19,20.40,19.60,2.82,20.00
7.21,20.40,19.60,2.88,19.88
7.23,20.40,21.20,2.88,19.89
7.25,20.40,20.10,1.98,20.01
7.27,20.40,19.00,1.98,20.11
7.29,20.40,21.20,1.92,20.12
7.32,20.40,22.30,2.94,20.03
7.34,20.40,20.70,2.94,19.93
7.36,20.40,18.00,1.98,19.96
7.38,20.40,21.20,1.98,20.04
7.40,20.40,21.80,2.82,20.04
7.42,20.40,21.20,2.88,20.00
7.44,20.40,18.00,2.58,19.97
nan,nan,nan,nan,nan
7.46,20.40,18.50,2.70,19.99
7.48,20.40,20.10,2.88,20.00
7.50,20.40,19.00,2.40,20.01
7.53,20.40,20.10,2.34,20.03
7.55,20.40,19.60,2.28,20.03
7.57,20.40,20.70,2.88,20.04
7.59,20.40,21.80,1.98,20.05
7.61,20.40,17.40,2.94,20.02
7.63,20.40,19.60,2.70,19.96
7.65,20.40,19.60,2.88,19.95
7.67,20.40,20.70,2.94,19.95
7.69,20.40,19.00,2.88,19.99
7.71,20.40,19.60,2.34,19.99
7.73,20.40,18.50,2.40,20.00
7.75,20.40,20.10,2.76,20.01
7.77,20.40,19.00,2.88,20.00
7.79,20.40,20.10,2.94,20.00
7.81,20.40,20.10,2.94,19.99
7.83,20.40,19.60,2.34,19.96
7.85,20.40,20.70,2.40,19.97
7.87,20.40,20.10,2.94,19.94
7.89,20.40,21.20,1.98,19.97
7.91,20.40,22.80,1.92,20.05
7.94,20.40,20.10,2.88,20.03
7.96,20.40,21.20,2.88,19.97
7.98,20.40,19.60,2.88,19.96
8.00,20.40,20.70,2.94,19.94
8.02,27.20,20.70,1.98,20.00
8.04,27.20,27.70,1.86,20.08
8.06,27.20,26.60,2.94,20.02
8.08,27.20,26.10,3.84,19.87
nan,nan,nan,nan,nan
8.10,27.20,27.70,3.84,19.75
8.12,27.20,26.60,3.72,19.75
8.14,27.20,31.00,2.94,19.85
8.16,27.20,28.80,2.88,19.93
8.18,27.20,26.60,2.82,19.95
8.20,27.20,27.20,3.00,19.92
8.22,27.20,27.70,3.72,19.86
8.25,27.20,28.30,3.90,19.82
8.27,27.20,27.70,3.78,19.81
8.29,27.20,29.30,3.60,19.80
8.31,27.20,27.20,3.72,19.86
8.33,27.20,28.30,3.48,19.91
8.35,27.20,27.20,2.94,19.99
8.37,27.20,29.30,3.24,19.99
8.39,27.20,25.60,3.84,19.88
8.41,27.20,28.30,3.90,19.82
8.43,27.20,27.20,3.00,19.87
8.45,27.20,27.20,2.94,20.02
8.47,27.20,25.00,2.82,20.11
8.49,27.20,27.20,4.02,20.02
8.51,27.20,27.70,3.90,19.90
8.53,27.20,27.70,3.90,19.88
8.55,27.20,27.70,3.42,19.94
8.57,27.20,25.00,3.00,20.05
8.59,27.20,27.70,2.94,20.11
8.61,27.20,27.20,3.48,20.06
8.63,27.20,29.30,3.54,20.01
8.66,27.20,27.70,3.90,19.93
8.68,27.20,26.10,3.78,19.91
8.70,27.20,25.00,3.06,20.00
8.72,27.20,28.30,2.94,20.04
8.74,27.20,27.70,3.30,20.03
8.76,27.20,27.70,3.90,19.96
nan,nan,nan,nan,nan
8.79,27.20,25.00,3.54,19.99
8.81,27.20,28.30,2.94,20.06
8.83,27.20,26.60,2.94,20.10
8.85,27.20,24.50,3.18,20.08
8.87,27.20,25.60,2.94,20.02
8.89,27.20,30.40,3.84,19.96
8.91,27.20,25.00,3.90,19.95
8.93,27.20,24.50,2.70,19.98
8.95,27.20,27.70,2.94,20.00
8.97,27.20,27.70,3.84,19.94
8.99,27.20,26.60,3.54,19.90
9.01,27.20,23.40,2.88,19.98
9.03,27.20,28.80,2.88,20.05
9.05,27.20,26.60,2.88,20.06
9.07,27.20,28.30,3.18,20.05
9.09,27.20,27.70,2.88,20.02
9.11,27.20,28.30,3.72,19.99
9.13,27.20,26.10,3.00,20.00
9.15,27.20,27.20,2.94,20.02
9.18,27.20,26.60,2.94,20.03
9.20,27.20,27.70,3.84,19.99
9.22,27.20,28.30,3.84,19.98
9.24,27.20,26.10,2.94,20.06
9.26,27.20,28.30,2.52,20.11
9.28,27.20,28.80,3.60,20.06
9.30,27.20,29.30,3.90,19.97
9.32,27.20,27.70,3.54,19.93
nan,nan,nan,nan,nan
9.34,27.20,27.20,2.82,20.01
9.36,27.20,29.30,3.00,20.08
9.38,27.20,25.60,3.12,20.06
9.40,27.20,29.30,2.94,20.03
9.42,27.20,27.20,3.54,19.97
9.44,27.20,27.20,2.94,19.97
9.46,27.20,26.60,3.12,20.01
9.48,27.20,26.10,3.00,19.98
9.51,27.20,27.70,3.78,19.95
9.53,27.20,27.70,3.84,19.93
9.55,27.20,29.30,2.94,20.00
9.57,27.20,29.90,2.82,20.09
9.59,27.20,27.20,3.24,20.04
9.61,27.20,28.80,3.84,19.93
9.63,27.20,28.80,3.84,19.92
9.65,27.20,27.20,2.88,19.98
9.67,27.20,28.30,3.06,20.06
9.69,27.20,28.30,3.18,20.07
9.71,27.20,27.70,3.06,20.03
9.73,27.20,27.20,3.00,20.02
9.75,27.20,27.20,3.18,19.99
9.77,27.20,27.70,3.84,19.95
9.79,27.20,25.60,2.88,19.97
9.81,27.20,27.70,2.94,20.00
9.83,27.20,25.00,3.12,20.01
9.85,27.20,28.30,3.36,19.98
9.88,27.20,27.70,3.72,19.94
9.90,27.20,27.20,3.72,19.96
9.92,27.20,29.30,2.88,20.04
9.94,27.20,29.30,2.94,20.10
9.96,27.20,28.30,3.24,20.07
9.98,27.20,27.70,3.96,19.97
10.00,27.20,26.10,3.72,19.94
10.02,34.00,27.70,2.82,20.02
10.04,34.00,35.90,3.00,20.06
10.06,34.00,33.10,3.84,20.01
nan,nan,nan,nan,nan
10.08,34.00,34.80,4.86,19.85
10.10,34.00,34.80,4.92,19.71
10.12,34.00,35.30,3.90,19.78
10.14,34.00,33.70,3.90,19.89
10.16,34.00,33.70,3.90,19.95
10.19,34.00,36.40,4.86,19.90
10.21,34.00,34.20,4.14,19.84
10.23,34.00,33.10,4.50,19.85
10.25,34.00,34.20,4.80,19.84
10.27,34.00,33.10,4.80,19.78
10.29,34.00,34.80,4.80,19.80
10.31,34.00,33.70,3.84,19.87
10.33,34.00,34.80,3.90,19.97
10.35,34.00,32.60,4.86,19.95
10.37,34.00,32.60,5.16,19.81
10.39,34.00,33.70,4.86,19.76
10.41,34.00,32.10,3.84,19.87
nan,nan,nan,nan,nan
10.44,34.00,32.60,3.84,20.07
10.46,34.00,36.90,4.80,20.04
10.48,34.00,33.70,4.98,19.90
10.51,34.00,34.20,4.86,19.87
10.53,34.00,34.20,3.90,19.93
10.55,34.00,32.60,3.96,20.03
10.57,34.00,35.90,3.90,20.07
10.59,34.00,34.80,4.80,20.02
10.61,34.00,34.80,4.80,19.90
10.63,34.00,33.10,4.62,19.88
10.65,34.00,33.10,4.02,19.95
10.67,34.00,33.10,3.84,20.07
10.69,34.00,35.90,3.78,20.07
10.71,34.00,35.30,4.80,19.97
10.73,34.00,33.70,4.68,19.91
10.75,34.00,34.80,3.84,19.98
10.77,34.00,33.10,3.78,20.10
10.79,34.00,32.60,3.90,20.12
10.81,34.00,32.60,4.80,20.03
10.84,34.00,32.10,4.50,19.96
10.86,34.00,34.20,4.50,19.94
10.88,34.00,38.00,4.56,19.95
10.90,34.00,32.10,3.96,20.00
nan,nan,nan,nan,nan
10.93,34.00,32.60,3.90,20.02
10.95,34.00,33.70,3.84,20.06
10.97,34.00,34.20,4.86,20.03
10.99,34.00,35.30,4.62,19.98
11.01,34.00,33.10,4.38,20.00
11.03,34.00,32.60,3.90,20.01
11.05,34.00,30.40,3.90,20.05
11.07,34.00,35.30,3.90,20.08
11.09,34.00,34.80,3.90,20.06
11.11,34.00,33.70,4.50,19.99
11.13,34.00,34.20,4.74,19.91
11.15,34.00,34.20,4.80,19.91
11.17,34.00,35.30,3.66,20.05
11.19,34.00,35.30,3.90,20.11
11.21,34.00,33.70,4.80,20.05
11.23,34.00,35.30,4.44,19.99
11.25,34.00,34.20,3.90,19.97
11.27,34.00,33.10,4.20,20.00
11.29,34.00,33.10,4.14,20.03
11.32,34.00,32.10,3.90,20.06
11.34,34.00,35.90,3.90,20.09
11.36,34.00,35.30,4.68,19.99
nan,nan,nan,nan,nan
11.38,34.00,33.10,4.80,19.93
11.40,34.00,34.80,4.14,19.93
11.42,34.00,33.70,4.02,19.94
11.44,34.00,35.30,3.96,19.99
11.46,34.00,34.20,3.90,20.01
11.48,34.00,34.20,3.90,20.03
11.50,34.00,38.00,3.84,20.06
11.53,34.00,33.10,4.50,20.01
11.55,34.00,34.20,4.44,19.96
11.57,34.00,35.30,4.56,19.95
11.59,34.00,33.10,4.08,19.96
11.61,34.00,33.10,3.90,20.01
11.63,34.00,35.90,4.68,20.02
11.65,34.00,31.50,3.90,20.06
11.67,34.00,35.30,4.86,20.05
11.70,34.00,34.80,4.50,19.99
11.72,34.00,33.70,4.08,20.00
11.74,34.00,34.80,4.32,20.01
11.76,34.00,33.10,4.14,20.01
11.78,34.00,34.20,4.14,20.03
11.80,34.00,35.90,4.68,20.01
11.82,34.00,35.30,4.80,19.99
11.84,34.00,35.30,4.80,19.99
11.86,34.00,34.80,3.96,19.96
11.88,34.00,35.30,4.80,19.97
11.90,34.00,34.20,4.20,19.97
11.92,34.00,35.30,3.84,19.97
nan,nan,nan,nan,nan
11.94,34.00,34.20,3.90,19.99
11.96,34.00,32.60,4.20,20.01
11.98,34.00,33.70,3.84,20.02
12.00,40.80,33.10,3.78,20.05
12.02,40.80,42.40,4.68,20.01
12.04,40.80,42.90,5.34,19.87
12.06,40.80,39.10,5.94,19.76
12.08,40.80,40.20,5.76,19.71
12.10,40.80,42.40,5.58,19.80
12.12,40.80,42.40,4.86,19.86
12.14,40.80,40.70,4.92,19.90
12.16,40.80,41.30,5.76,19.87
12.19,40.80,39.70,5.76,19.83
12.21,40.80,41.30,5.82,19.82
12.23,40.80,44.00,5.82,19.83
12.25,40.80,40.70,5.94,19.77
12.27,40.80,42.90,5.76,19.74
12.29,40.80,41.80,5.70,19.82
12.31,40.80,42.40,5.52,19.88
12.33,40.80,40.20,5.64,19.91
12.35,40.80,39.10,5.88,19.87
12.37,40.80,40.20,5.76,19.84
12.39,40.80,41.80,4.98,19.91
12.41,40.80,38.00,4.80,20.00
12.43,40.80,42.90,5.76,19.99
12.45,40.80,42.40,5.82,19.92
12.47,40.80,41.80,5.70,19.88
12.49,40.80,40.20,5.52,19.96
12.52,40.80,40.20,4.92,20.04
12.54,40.80,39.10,5.04,20.07
12.56,40.80,39.70,5.88,19.99
12.58,40.80,42.40,5.82,19.91
12.60,40.80,41.80,5.82,19.89
12.62,40.80,39.10,4.86,20.00
12.64,40.80,40.70,4.86,20.08
12.66,40.80,40.20,4.80,20.12
12.68,40.80,39.70,5.70,20.04
nan,nan,nan,nan,nan
12.70,40.80,40.70,5.82,19.96
12.72,40.80,40.20,5.76,19.95
12.74,40.80,41.30,5.76,19.95
12.76,40.80,39.10,5.76,19.99
12.78,40.80,40.20,5.64,20.02
12.80,40.80,40.20,5.76,20.04
12.82,40.80,41.80,4.80,20.07
12.84,40.80,42.40,4.80,20.05
12.87,40.80,41.30,5.76,19.97
12.89,40.80,40.20,5.88,19.92
12.91,40.80,40.70,4.80,19.95
12.93,40.80,41.30,4.80,20.04
12.95,40.80,41.80,4.98,20.06
12.97,40.80,38.60,5.28,19.96
12.99,40.80,41.30,5.82,19.92
13.01,40.80,42.40,5.16,19.97
13.03,40.80,41.30,4.74,20.09
13.05,40.80,41.80,4.86,20.15
13.07,40.80,41.30,5.10,20.10
13.09,40.80,40.70,5.76,20.00
13.11,40.80,40.20,5.82,19.95
13.13,40.80,43.50,5.82,19.94
13.15,40.80,40.20,5.76,19.99
13.17,40.80,39.70,4.86,20.03
13.19,40.80,41.30,5.76,20.02
13.21,40.80,40.20,5.64,20.01
13.24,40.80,41.80,5.52,20.01
13.26,40.80,39.70,4.86,20.04
13.28,40.80,39.10,4.86,20.04
13.30,40.80,43.50,5.82,19.96
13.32,40.80,40.70,5.82,19.89
nan,nan,nan,nan,nan
13.35,40.80,42.40,4.86,19.97
13.37,40.80,40.20,4.86,20.11
13.39,40.80,41.80,4.98,20.13
13.41,40.80,40.70,5.76,20.04
13.43,40.80,41.30,5.58,19.99
13.45,40.80,41.80,5.70,19.97
13.47,40.80,39.70,5.76,19.99
13.49,40.80,42.40,4.80,20.03
13.51,40.80,40.20,5.04,20.04
13.53,40.80,39.70,5.82,19.97
13.55,40.80,39.70,5.76,19.93
13.57,40.80,39.70,5.76,19.93
13.59,40.80,41.80,5.58,19.99
13.61,40.80,41.30,4.74,20.04
13.63,40.80,41.80,5.10,20.04
13.66,40.80,40.70,5.82,20.00
13.68,40.80,38.60,5.82,19.94
13.70,40.80,40.20,5.64,19.96
13.72,40.80,38.60,5.22,20.01
13.74,40.80,40.70,4.86,20.06
13.76,40.80,41.30,4.98,20.07
13.78,40.80,39.70,5.76,20.00
13.80,40.80,38.60,5.76,19.93
13.82,40.80,40.70,5.64,19.97
13.84,40.80,39.10,5.52,19.99
13.86,40.80,40.70,4.80,20.04
13.88,40.80,42.90,5.04,20.06
nan,nan,nan,nan,nan
13.90,40.80,40.20,5.76,19.99
13.92,40.80,40.70,5.76,19.94
13.94,40.80,42.40,5.70,19.96
13.96,40.80,41.80,5.34,19.98
13.98,40.80,40.70,4.80,20.03
14.00,47.60,41.30,5.04,20.04
14.02,47.60,47.30,5.88,19.94
14.04,47.60,48.30,6.78,19.84
14.06,47.60,48.90,6.84,19.71
14.08,47.60,48.90,6.72,19.70
14.11,47.60,48.30,6.66,19.80
14.13,47.60,45.60,5.88,19.86
14.15,47.60,47.30,6.78,19.85
14.17,47.60,49.40,6.72,19.85
14.19,47.60,46.70,5.76,19.89
14.21,47.60,47.80,6.48,19.95
14.23,47.60,47.80,6.78,19.88
14.25,47.60,47.30,7.50,19.78
14.27,47.60,45.60,6.84,19.80
14.29,47.60,46.70,6.72,19.86
14.31,47.60,47.30,6.72,19.91
14.33,47.60,47.80,6.78,19.93
14.35,47.60,46.20,6.78,19.91
14.37,47.60,49.40,6.72,19.89
14.39,47.60,47.80,6.78,19.88
14.41,47.60,47.30,7.20,19.86
14.43,47.60,48.30,6.78,19.90
14.45,47.60,46.70,6.72,19.94
14.48,47.60,49.40,6.72,19.94
14.50,47.60,46.70,7.62,19.90
14.52,47.60,47.30,6.66,19.90
14.54,47.60,47.30,6.36,20.01
14.56,47.60,47.80,6.78,20.01
14.58,47.60,45.60,7.80,19.90
14.60,47.60,48.30,6.66,19.89
nan,nan,nan,nan,nan
14.62,47.60,45.60,6.72,19.97
14.64,47.60,47.80,5.82,20.09
14.66,47.60,48.90,6.78,20.11
14.68,47.60,46.20,6.78,20.02
14.70,47.60,46.70,6.78,19.96
14.72,47.60,48.30,6.78,19.92
14.74,47.60,45.60,6.78,19.94
14.76,47.60,47.80,6.60,20.00
14.78,47.60,45.60,6.72,20.04
14.80,47.60,48.30,5.76,20.09
14.83,47.60,46.20,6.60,20.10
14.85,47.60,48.30,6.72,20.03
14.87,47.60,46.70,6.60,19.98
14.89,47.60,48.30,6.72,20.01
14.91,47.60,48.90,5.76,20.04
14.93,47.60,46.70,6.06,20.09
14.95,47.60,48.90,6.72,20.02
14.97,47.60,46.20,6.84,19.99
14.99,47.60,47.30,6.06,20.02
15.01,47.60,46.20,6.72,20.04
15.03,47.60,48.30,6.78,20.00
15.05,47.60,49.40,6.84,19.97
15.07,47.60,48.90,6.72,19.98
15.09,47.60,49.40,6.00,20.05
15.11,47.60,50.00,6.72,20.05
15.13,47.60,46.20,6.78,19.98
15.15,47.60,49.40,6.78,19.93
15.17,47.60,46.70,6.66,19.93
15.20,47.60,46.70,6.72,19.99
15.22,47.60,47.80,5.94,20.04
15.24,47.60,46.70,6.78,20.05
15.26,47.60,49.40,6.84,20.00
15.28,47.60,47.30,6.84,19.96
15.30,47.60,47.30,6.78,19.99
15.32,47.60,50.00,5.88,20.06
15.34,47.60,47.80,5.88,20.06
nan,nan,nan,nan,nan
15.36,47.60,47.30,6.84,20.01
15.38,47.60,49.40,6.72,19.97
15.40,47.60,47.80,6.72,19.96
15.42,47.60,48.30,6.18,20.03
15.44,47.60,50.00,6.72,20.03
15.46,47.60,50.50,6.72,19.96
15.49,47.60,48.30,6.78,19.91
15.51,47.60,48.30,6.66,19.93
15.53,47.60,46.20,6.78,19.98
15.55,47.60,46.70,6.30,20.03
15.57,47.60,47.30,6.18,20.03
15.59,47.60,45.10,6.84,20.00
15.61,47.60,48.90,6.72,19.93
15.63,47.60,47.80,6.78,19.95
15.65,47.60,48.90,6.84,19.99
15.67,47.60,47.30,5.70,20.03
15.69,47.60,50.00,6.12,20.06
15.71,47.60,47.80,6.78,20.00
15.74,47.60,46.70,6.72,19.92
15.76,47.60,48.30,6.84,19.94
15.78,47.60,48.30,6.72,19.94
15.80,47.60,47.30,6.72,19.95
15.82,47.60,51.10,6.66,19.97
15.84,47.60,48.30,6.72,19.96
15.86,47.60,46.20,6.48,20.01
15.88,47.60,47.80,6.78,20.02
nan,nan,nan,nan,nan
15.90,47.60,48.30,6.18,20.04
15.92,47.60,47.30,6.12,20.05
15.94,47.60,48.90,6.78,19.98
15.96,47.60,45.10,7.14,19.91
15.98,47.60,47.30,6.60,19.97
16.00,54.40,46.70,5.82,20.06
16.02,54.40,56.50,6.60,20.10
16.04,54.40,54.30,8.22,19.93
16.06,54.40,52.10,8.04,19.72
16.08,54.40,54.80,7.74,19.70
16.10,54.40,55.40,7.68,19.74
16.12,54.40,53.80,7.74,19.82
16.14,54.40,53.80,7.68,19.87
16.17,54.40,55.40,8.04,19.83
16.19,54.40,52.10,7.86,19.79
16.21,54.40,55.40,7.80,19.82
16.23,54.40,53.20,8.70,19.78
16.25,54.40,56.50,8.64,19.78
16.27,54.40,55.90,7.86,19.85
16.29,54.40,54.80,7.68,19.90
16.31,54.40,52.10,7.80,19.93
16.33,54.40,53.80,7.74,19.91
16.35,54.40,52.70,7.74,19.88
16.37,54.40,53.20,8.70,19.85
16.39,54.40,54.80,8.64,19.86
16.41,54.40,55.40,7.68,19.94
16.43,54.40,54.80,7.98,20.01
16.45,54.40,57.00,7.68,19.98
16.47,54.40,57.60,7.92,19.97
16.50,54.40,53.80,8.64,19.92
16.52,54.40,52.10,7.74,19.96
16.54,54.40,53.20,7.50,20.04
16.56,54.40,55.40,7.86,20.02
16.58,54.40,52.70,8.70,19.93
16.60,54.40,53.80,7.74,19.94
16.62,54.40,57.60,7.74,19.98
nan,nan,nan,nan,nan
16.64,54.40,55.40,7.86,20.02
16.66,54.40,52.70,7.68,20.02
16.68,54.40,54.30,7.74,20.03
16.70,54.40,54.30,7.68,20.05
16.72,54.40,52.70,7.68,20.01
16.74,54.40,52.70,7.74,19.97
16.76,54.40,55.90,7.68,19.96
16.79,54.40,50.50,7.74,19.98
16.81,54.40,54.80,7.74,19.99
16.83,54.40,54.80,7.74,20.00
16.85,54.40,53.20,7.80,20.02
16.87,54.40,52.70,7.74,20.06
16.90,54.40,54.30,7.74,20.02
16.92,54.40,57.60,7.74,20.00
16.94,54.40,55.40,7.68,20.00
16.96,54.40,55.40,7.56,20.03
16.98,54.40,54.80,7.68,20.04
17.00,54.40,55.90,7.80,19.97
17.02,54.40,55.40,7.74,19.93
17.04,54.40,53.80,7.68,19.96
17.06,54.40,53.20,7.68,20.00
nan,nan,nan,nan,nan
17.08,54.40,53.80,7.26,20.06
17.10,54.40,52.70,7.74,20.05
17.12,54.40,53.20,8.22,19.95
17.14,54.40,55.90,8.76,19.90
17.16,54.40,56.50,8.34,19.90
17.18,54.40,55.90,6.84,20.03
17.20,54.40,54.30,7.68,20.11
17.22,54.40,54.30,7.74,20.02
17.24,54.40,53.80,7.80,19.95
17.26,54.40,54.30,7.80,19.93
17.28,54.40,55.40,7.68,19.93
17.31,54.40,55.90,7.74,19.96
17.33,54.40,53.20,7.74,19.98
17.35,54.40,56.50,7.74,19.99
17.37,54.40,55.40,7.68,20.01
17.39,54.40,54.80,7.68,20.01
17.41,54.40,53.80,7.80,20.04
17.43,54.40,57.00,7.68,20.04
17.45,54.40,55.40,7.74,20.05
17.47,54.40,54.80,7.44,20.07
17.49,54.40,55.90,7.80,20.05
17.51,54.40,52.70,7.74,19.98
17.53,54.40,53.20,7.68,20.00
17.55,54.40,53.20,7.74,19.99
17.57,54.40,53.20,7.68,20.03
17.59,54.40,53.80,7.68,20.06
17.62,54.40,53.20,7.98,20.04
17.64,54.40,54.30,7.98,20.01
17.66,54.40,54.30,7.74,20.00
17.68,54.40,55.90,7.56,20.04
17.70,54.40,51.60,7.68,20.03
17.72,54.40,54.30,7.68,19.99
17.74,54.40,52.70,7.62,19.99
17.76,54.40,55.90,7.74,20.03
17.78,54.40,53.20,8.04,19.98
17.80,54.40,55.90,7.80,19.97
nan,nan,nan,nan,nan
17.82,54.40,55.40,7.74,19.95
17.84,54.40,55.40,7.68,19.99
17.86,54.40,55.40,7.74,20.02
17.88,54.40,54.30,7.68,20.03
17.90,54.40,54.30,7.62,20.06
17.92,54.40,55.40,7.74,20.05
17.94,54.40,54.30,7.86,19.95
17.96,54.40,54.30,8.34,19.87
17.98,54.40,54.30,7.68,19.91
18.00,62.10,53.20,7.68,19.96
18.02,62.10,63.50,7.74,20.04
18.04,62.10,61.90,9.48,19.89
18.07,62.10,64.60,9.60,19.67
18.09,62.10,60.80,9.66,19.62
18.11,62.10,61.90,8.64,19.72
18.13,62.10,61.40,8.58,19.87
18.15,62.10,62.40,8.70,19.89
18.17,62.10,59.70,9.84,19.79
18.19,62.10,64.60,9.72,19.76
18.21,62.10,63.00,8.76,19.84
18.23,62.10,62.40,8.76,19.89
18.25,62.10,61.40,9.54,19.90
18.27,62.10,61.40,9.24,19.85
18.29,62.10,59.70,9.60,19.85
18.32,62.10,63.50,9.96,19.80
18.34,62.10,64.10,9.60,19.77
18.36,62.10,61.90,9.54,19.80
18.38,62.10,63.50,9.66,19.86
18.40,62.10,62.40,9.60,19.89
18.42,62.10,60.30,9.42,19.95
18.44,62.10,60.80,9.66,19.89
18.46,62.10,62.40,9.66,19.85
18.48,62.10,61.90,10.20,19.82
18.50,62.10,64.10,9.60,19.85
18.52,62.10,60.30,8.76,19.97
nan,nan,nan,nan,nan
18.54,62.10,61.40,9.60,19.99
18.56,62.10,62.40,10.56,19.88
18.58,62.10,60.30,9.66,19.85
18.60,62.10,60.30,9.60,19.94
18.62,62.10,63.50,8.70,20.06
18.64,62.10,61.40,9.36,20.11
18.66,62.10,63.00,9.42,20.04
18.69,62.10,63.00,9.66,20.01
18.71,62.10,62.40,9.66,19.92
18.73,62.10,60.80,9.72,19.89
18.75,62.10,61.40,9.66,19.97
18.77,62.10,61.40,8.70,20.06
18.79,62.10,63.00,8.82,20.12
18.81,62.10,65.20,8.88,20.10
18.83,62.10,60.80,9.42,20.06
18.85,62.10,61.40,9.36,20.02
18.87,62.10,60.30,9.60,20.00
18.89,62.10,63.50,9.60,19.94
18.91,62.10,63.00,9.66,19.97
18.93,62.10,64.10,8.76,20.02
18.95,62.10,63.00,8.70,20.10
18.97,62.10,61.90,9.06,20.09
18.99,62.10,62.40,9.12,20.06
19.01,62.10,61.40,9.06,20.03
19.03,62.10,61.40,9.54,20.00
19.05,62.10,63.00,9.60,19.95
19.08,62.10,59.70,9.66,19.97
nan,nan,nan,nan,nan
19.10,62.10,60.80,8.64,20.04
19.12,62.10,59.70,8.76,20.11
19.14,62.10,61.90,9.60,20.04
19.17,62.10,61.40,9.60,19.92
19.19,62.10,61.90,9.60,19.92
19.21,62.10,62.40,8.70,19.96
19.23,62.10,61.90,9.18,20.04
19.25,62.10,60.80,8.82,20.04
19.27,62.10,62.40,9.54,20.01
19.29,62.10,63.00,8.64,19.98
19.31,62.10,62.40,10.26,19.97
19.33,62.10,61.40,9.60,19.94
19.35,62.10,62.40,8.70,20.04
19.37,62.10,61.40,9.12,20.06
19.40,62.10,59.20,9.66,20.05
nan,nan,nan,nan,nan
19.42,62.10,63.50,9.60,19.99
19.44,62.10,61.90,9.66,19.97
19.48,62.10,62.40,8.64,20.07
nan,nan,nan,nan,nan
19.50,62.10,61.40,9.60,20.07
19.52,62.10,60.80,9.78,19.98
19.54,62.10,60.30,9.60,19.91
19.56,62.10,61.90,8.88,19.97
19.58,62.10,63.50,9.00,20.02
19.60,62.10,60.30,9.66,19.98
19.62,62.10,61.90,9.60,19.96
19.64,62.10,58.10,9.54,19.93
19.66,62.10,60.80,9.36,19.98
19.68,62.10,62.40,8.76,20.04
19.71,62.10,60.80,9.60,20.02
19.73,62.10,61.90,9.66,19.96
19.75,62.10,59.70,9.72,19.93
19.77,62.10,60.80,9.54,19.93
19.79,62.10,64.10,9.48,20.00
19.81,62.10,61.40,9.60,20.00
19.83,62.10,59.70,9.72,19.95
19.85,62.10,61.90,9.60,19.93
19.87,62.10,61.40,9.48,19.97
19.89,62.10,61.90,8.70,20.04
19.91,62.10,61.90,8.94,20.09
19.93,62.10,61.90,9.60,20.04
19.95,62.10,61.40,9.72,19.99
19.98,62.10,62.40,9.72,19.98
20.00,62.10,61.40,9.48,19.99
20.02,69.90,61.40,8.64,20.09
20.04,69.90,68.40,9.54,20.06
20.06,69.90,73.30,11.10,19.88
20.08,69.90,71.10,11.58,19.68
20.10,69.90,71.70,11.52,19.61
20.12,69.90,69.50,10.50,19.71
20.14,69.90,69.50,10.32,19.87
20.16,69.90,72.80,10.56,19.91
20.18,69.90,70.00,10.62,19.87
20.20,69.90,72.80,11.52,19.77
20.22,69.90,69.00,12.36,19.62
nan,nan,nan,nan,nan
20.24,69.90,70.00,11.16,19.67
20.26,69.90,67.90,10.62,19.81
20.28,69.90,66.80,10.62,19.94
20.31,69.90,70.00,11.46,19.87
nan,nan,nan,nan,nan
20.34,69.90,68.40,11.52,19.77
20.36,69.90,69.50,11.52,19.74
20.38,69.90,71.70,10.92,19.81
20.40,69.90,70.00,10.62,19.92
20.42,69.90,70.60,10.38,20.00
20.44,69.90,69.50,10.74,19.95
20.46,69.90,71.10,11.58,19.87
20.49,69.90,72.20,11.04,19.83
20.51,69.90,69.00,10.62,19.93
20.53,69.90,70.60,10.80,20.00
20.55,69.90,69.00,10.74,20.01
20.57,69.90,67.90,10.62,20.01
20.59,69.90,70.00,11.40,19.99
20.61,69.90,70.00,10.56,19.94
20.63,69.90,68.40,10.86,19.95
20.65,69.90,69.00,11.58,19.92
20.67,69.90,70.00,10.56,19.96
20.69,69.90,71.10,10.62,20.03
20.71,69.90,70.60,10.56,20.04
20.73,69.90,73.30,10.50,20.06
20.76,69.90,68.40,10.68,20.00
20.78,69.90,68.40,11.52,19.92
20.80,69.90,67.30,11.22,19.90
20.82,69.90,69.50,10.68,19.98
20.84,69.90,71.10,10.50,20.05
20.86,69.90,66.80,11.52,20.05
20.88,69.90,69.00,11.52,19.93
20.90,69.90,71.70,10.62,19.97
20.92,69.90,69.50,10.56,20.01
nan,nan,nan,nan,nan
20.94,69.90,70.00,10.68,20.04
20.96,69.90,71.70,10.50,20.05
20.98,69.90,70.00,10.68,20.06
21.00,69.90,69.50,10.62,20.07
21.02,69.90,71.10,10.62,20.04
21.04,69.90,69.50,10.80,19.97
21.06,69.90,71.10,10.68,19.97
21.08,69.90,68.40,11.22,19.95
21.10,69.90,71.10,11.46,19.90
21.12,69.90,72.20,10.68,19.95
21.15,69.90,70.60,10.62,19.98
21.17,69.90,71.10,10.80,20.00
21.19,69.90,69.50,10.74,19.97
21.21,69.90,69.50,11.58,19.94
21.23,69.90,71.70,10.56,19.96
21.25,69.90,70.00,10.92,20.02
21.27,69.90,70.00,10.62,20.01
21.29,69.90,69.00,10.68,20.01
21.31,69.90,70.60,10.56,19.97
21.33,69.90,69.50,11.40,19.94
21.35,69.90,70.60,10.56,19.95
21.38,69.90,69.50,10.50,20.03
21.40,69.90,69.50,10.38,20.11
21.42,69.90,70.60,10.80,20.07
21.44,69.90,69.00,11.58,19.95
nan,nan,nan,nan,nan
21.46,69.90,69.50,11.40,19.93
21.48,69.90,70.60,10.56,20.00
21.50,69.90,71.70,10.02,20.07
21.52,69.90,69.50,11.52,20.04
21.54,69.90,70.60,11.52,19.92
21.56,69.90,71.10,10.56,19.95
21.59,69.90,70.60,10.56,19.99
21.61,69.90,70.60,10.62,20.03
21.63,69.90,69.00,10.56,19.99
21.65,69.90,70.00,10.80,19.99
21.67,69.90,67.90,10.62,19.98
21.69,69.90,70.60,10.44,19.98
21.71,69.90,69.00,11.58,19.95
21.74,69.90,67.30,10.62,19.99
21.76,69.90,67.30,10.68,20.02
21.78,69.90,69.00,10.62,20.03
21.80,69.90,69.50,10.62,20.00
21.82,69.90,71.10,10.62,19.97
21.84,69.90,68.40,10.68,19.97
nan,nan,nan,nan,nan
21.86,69.90,71.70,11.28,19.93
21.88,69.90,71.10,11.46,19.95
21.90,69.90,67.30,10.62,20.03
21.92,69.90,70.60,10.62,20.09
21.94,69.90,70.00,10.68,20.05
21.96,69.90,69.00,11.70,19.97
21.98,69.90,69.00,11.34,19.90
22.00,77.70,69.50,10.62,20.00
22.02,77.70,80.90,10.74,20.03
22.04,77.70,78.70,12.06,19.95
22.06,77.70,78.20,12.54,19.79
22.08,77.70,78.70,12.48,19.64
22.10,77.70,75.50,12.36,19.63
22.12,77.70,77.10,12.48,19.69
22.14,77.70,77.60,11.76,19.78
22.16,77.70,75.50,11.58,19.82
22.18,77.70,74.90,12.54,19.82
22.20,77.70,77.10,12.48,19.77
22.23,77.70,77.10,12.54,19.82
22.25,77.70,77.10,12.54,19.85
22.27,77.70,78.70,11.58,19.89
22.29,77.70,77.60,12.54,19.91
22.31,77.70,78.20,12.30,19.85
22.33,77.70,76.60,12.54,19.83
22.35,77.70,78.70,12.84,19.81
22.37,77.70,78.20,12.54,19.83
22.39,77.70,78.20,12.48,19.87
22.41,77.70,80.30,12.48,19.87
22.43,77.70,80.30,12.78,19.79
22.45,77.70,80.30,12.78,19.80
22.47,77.70,76.60,12.48,19.83
22.49,77.70,78.70,12.48,19.93
22.51,77.70,78.20,12.42,19.97
22.53,77.70,78.70,12.60,19.96
22.55,77.70,76.00,12.78,19.88
22.57,77.70,78.70,12.48,19.87
nan,nan,nan,nan,nan
22.61,77.70,78.20,11.94,19.96
22.63,77.70,76.00,12.60,20.05
22.65,77.70,77.10,12.48,20.03
22.67,77.70,77.60,12.06,20.08
22.69,77.70,78.20,12.60,20.03
22.71,77.70,80.30,12.84,19.96
22.73,77.70,77.60,12.30,19.98
22.75,77.70,76.60,12.36,20.05
22.77,77.70,77.10,11.70,20.09
22.79,77.70,77.60,12.36,20.08
22.81,77.70,76.60,12.96,19.99
22.83,77.70,74.40,12.90,19.89
22.85,77.70,78.70,12.42,19.92
22.87,77.70,78.20,12.42,19.98
22.89,77.70,76.00,11.94,20.07
22.91,77.70,75.50,12.54,20.04
22.94,77.70,76.60,12.54,20.01
22.96,77.70,79.80,12.54,20.00
22.98,77.70,78.20,12.48,20.01
23.00,77.70,79.30,12.42,20.04
23.02,77.70,77.60,11.70,20.07
23.04,77.70,77.10,12.54,20.04
23.06,77.70,78.20,12.54,20.00
23.08,77.70,78.70,12.42,19.97
23.10,77.70,76.00,12.36,19.95
nan,nan,nan,nan,nan
23.12,77.70,78.70,12.48,19.96
23.15,77.70,79.30,12.48,19.94
23.17,77.70,79.30,12.42,19.97
23.19,77.70,78.70,12.42,19.96
23.21,77.70,77.60,12.48,19.98
23.23,77.70,78.20,12.42,19.99
23.25,77.70,78.20,12.48,20.01
23.27,77.70,77.60,12.42,20.03
23.29,77.70,78.70,12.48,20.06
23.31,77.70,79.80,12.48,20.03
23.33,77.70,75.50,12.42,20.06
23.35,77.70,77.10,12.42,19.99
23.37,77.70,79.30,12.54,19.93
23.39,77.70,77.60,12.36,19.93
23.42,77.70,74.40,12.54,19.98
23.44,77.70,80.30,12.42,20.00
23.46,77.70,78.70,12.54,19.99
23.48,77.70,76.60,12.48,19.96
23.50,77.70,77.10,12.36,19.95
23.52,77.70,76.60,12.72,19.94
23.54,77.70,78.20,12.42,19.92
23.56,77.70,78.20,12.42,20.04
23.58,77.70,77.60,11.52,20.11
23.60,77.70,76.00,12.48,20.11
nan,nan,nan,nan,nan
23.62,77.70,77.60,13.44,19.97
23.64,77.70,77.10,12.48,19.88
23.66,77.70,76.60,12.36,19.93
23.68,77.70,78.20,12.54,20.00
23.70,77.70,77.60,12.48,19.99
23.72,77.70,76.60,12.48,19.98
23.74,77.70,77.10,12.60,19.92
23.76,77.70,76.00,12.60,19.89
23.78,77.70,78.20,12.60,19.94
23.80,77.70,77.60,12.06,19.98
23.82,77.70,78.70,12.42,20.06
23.84,77.70,77.60,12.66,20.02
23.86,77.70,77.60,12.48,19.99
23.89,77.70,79.30,12.54,19.97
23.91,77.70,76.00,12.54,19.97
23.93,77.70,76.60,12.06,20.03
23.95,77.70,79.30,11.64,20.11
23.97,77.70,77.10,12.48,20.05
23.99,77.70,77.60,12.96,19.94
24.01,85.40,79.30,12.48,19.92
24.03,85.40,84.70,13.02,19.94
24.05,85.40,84.70,13.44,19.96
24.07,85.40,88.50,13.98,19.83
24.09,85.40,83.10,14.58,19.74
24.11,85.40,87.40,14.04,19.69
24.13,85.40,85.20,13.92,19.74
24.15,85.40,84.10,13.62,19.78
24.17,85.40,85.20,13.56,19.85
24.20,85.40,86.90,14.34,19.79
24.22,85.40,86.90,14.04,19.77
nan,nan,nan,nan,nan
24.24,85.40,83.10,14.58,19.74
24.26,85.40,84.10,13.68,19.76
24.28,85.40,85.80,14.40,19.85
24.30,85.40,87.40,13.68,19.86
24.32,85.40,84.70,14.22,19.88
24.34,85.40,83.10,14.22,19.88
24.36,85.40,85.20,14.40,19.88
24.38,85.40,85.20,14.46,19.88
24.40,85.40,84.70,14.40,19.88
24.42,85.40,86.30,14.40,19.83
24.44,85.40,85.80,14.16,19.89
24.46,85.40,83.60,13.98,19.92
24.48,85.40,84.70,14.46,19.95
24.50,85.40,86.90,14.46,19.94
24.53,85.40,85.20,14.40,19.92
24.55,85.40,85.20,14.34,19.91
24.57,85.40,84.70,14.46,19.90
24.59,85.40,88.50,14.40,19.91
24.61,85.40,83.10,13.86,20.02
24.63,85.40,86.90,13.50,20.10
24.65,85.40,83.10,13.56,20.07
24.67,85.40,86.30,14.64,19.97
24.69,85.40,87.40,15.30,19.82
24.71,85.40,86.30,14.28,19.86
24.73,85.40,83.60,13.56,19.99
24.75,85.40,87.90,13.50,20.09
24.77,85.40,84.10,13.44,20.07
24.79,85.40,83.60,15.24,19.95
24.81,85.40,85.80,15.36,19.81
24.83,85.40,84.70,14.34,19.88
24.85,85.40,86.90,13.50,20.01
24.87,85.40,82.00,13.50,20.10
24.89,85.40,86.90,13.86,20.10
24.92,85.40,85.80,14.46,19.93
24.94,85.40,85.80,14.46,19.89
nan,nan,nan,nan,nan
24.96,85.40,85.80,13.50,19.97
24.98,85.40,83.10,13.56,20.06
25.01,85.40,85.80,14.34,20.06
25.03,85.40,84.70,14.34,19.99
25.05,85.40,84.70,14.46,19.95
25.07,85.40,82.50,14.22,19.95
25.09,85.40,86.30,13.50,19.95
25.11,85.40,84.70,14.34,19.98
25.13,85.40,86.90,14.40,19.92
25.15,85.40,86.90,14.40,19.93
25.17,85.40,87.90,13.86,20.00
25.19,85.40,86.30,13.80,20.05
25.21,85.40,86.90,14.10,20.04
25.23,85.40,85.20,14.22,20.01
25.25,85.40,88.50,14.40,19.95
25.27,85.40,85.20,14.40,19.95
25.29,85.40,85.80,13.80,20.01
25.31,85.40,85.80,13.68,20.05
25.33,85.40,85.80,14.10,20.04
25.35,85.40,85.20,14.88,19.95
25.37,85.40,85.80,14.40,19.96
25.40,85.40,85.20,13.50,19.98
25.42,85.40,86.90,14.28,20.03
25.44,85.40,83.10,14.16,20.00
25.46,85.40,85.20,14.34,19.96
25.48,85.40,86.30,14.40,19.92
25.50,85.40,87.40,14.16,20.00
25.52,85.40,84.10,13.98,20.02
25.54,85.40,84.10,13.56,20.02
25.56,85.40,88.50,14.40,19.98
nan,nan,nan,nan,nan
25.58,85.40,86.30,14.46,19.95
25.60,85.40,83.60,13.62,20.05
25.62,85.40,87.40,13.92,20.07
25.64,85.40,86.30,13.80,20.07
25.67,85.40,84.10,13.98,20.03
25.69,85.40,88.50,14.46,19.99
25.71,85.40,84.10,14.34,19.94
25.73,85.40,84.70,14.46,19.95
25.75,85.40,84.70,14.22,19.96
25.77,85.40,87.90,13.44,20.08
25.79,85.40,86.90,14.10,20.06
25.81,85.40,87.90,14.28,20.01
25.83,85.40,84.70,14.52,19.92
25.85,85.40,86.30,14.46,19.89
25.87,85.40,86.30,14.16,19.94
25.89,85.40,83.60,13.62,20.00
25.91,85.40,85.80,13.68,20.04
25.93,85.40,84.70,13.62,20.01
25.95,85.40,84.70,14.82,19.96
25.97,85.40,84.10,14.34,19.88
25.99,85.40,83.10,14.64,19.94
26.02,92.20,85.20,14.46,19.95
26.04,92.20,95.50,14.10,20.04
26.06,92.20,92.80,15.06,19.96
26.08,92.20,92.80,15.48,19.80
26.10,92.20,92.30,15.42,19.68
26.12,92.20,92.80,16.14,19.65
26.14,92.20,90.70,15.48,19.72
26.16,92.20,92.80,14.76,19.88
26.18,92.20,91.20,14.70,19.95
26.20,92.20,91.20,15.36,19.90
26.22,92.20,92.80,15.54,19.85
nan,nan,nan,nan,nan
26.24,92.20,92.30,16.20,19.75
26.26,92.20,93.40,15.42,19.81
26.28,92.20,91.70,15.42,19.86
26.30,92.20,95.50,15.48,19.90
26.32,92.20,93.90,15.42,19.91
26.34,92.20,90.10,15.66,19.91
26.36,92.20,92.80,15.36,19.86
26.38,92.20,91.20,15.66,19.85
26.40,92.20,90.70,16.32,19.78
26.42,92.20,91.70,16.02,19.74
26.45,92.20,92.80,15.96,19.80
26.47,92.20,92.30,15.48,19.85
26.49,92.20,92.80,15.42,19.95
26.51,92.20,92.80,15.36,19.96
26.53,92.20,91.20,16.32,19.92
26.55,92.20,88.50,16.14,19.90
26.57,92.20,92.30,15.42,19.93
26.59,92.20,94.50,15.36,19.95
26.61,92.20,90.70,15.84,19.97
26.63,92.20,92.80,16.26,19.91
26.65,92.20,91.70,15.18,19.96
26.67,92.20,92.30,15.54,19.99
26.69,92.20,92.30,15.42,19.98
26.71,92.20,92.30,15.42,20.00
26.73,92.20,90.70,15.90,19.96
nan,nan,nan,nan,nan
26.77,92.20,93.40,15.24,20.04
26.79,92.20,94.50,15.36,20.11
26.81,92.20,96.10,15.42,20.07
26.83,92.20,93.40,15.78,20.01
26.85,92.20,90.10,15.42,19.93
26.87,92.20,91.70,15.36,19.96
26.89,92.20,92.30,15.36,20.00
26.91,92.20,89.00,15.42,20.00
26.93,92.20,91.20,15.42,20.00
26.95,92.20,92.30,15.42,19.96
26.97,92.20,91.20,15.42,19.95
27.00,92.20,92.30,15.48,19.92
27.02,92.20,91.70,15.84,19.94
27.04,92.20,92.30,15.42,20.01
27.06,92.20,92.30,15.36,20.08
27.08,92.20,88.50,16.08,19.98
27.10,92.20,90.10,16.32,19.95
nan,nan,nan,nan,nan
27.12,92.20,93.90,15.48,19.93
27.14,92.20,92.30,15.06,20.02
27.16,92.20,93.40,15.66,20.07
27.18,92.20,92.80,15.30,20.05
27.20,92.20,92.80,15.42,20.01
27.22,92.20,93.40,15.42,19.97
27.24,92.20,91.70,16.20,19.92
27.26,92.20,89.60,15.48,19.93
27.28,92.20,91.20,15.06,20.02
27.30,92.20,93.40,15.36,20.05
27.33,92.20,94.50,15.42,20.07
27.35,92.20,92.80,15.66,19.99
27.37,92.20,93.90,16.20,19.97
27.39,92.20,93.40,15.78,19.91
27.41,92.20,90.70,15.54,19.95
27.43,92.20,91.70,15.36,19.99
27.45,92.20,94.50,15.60,19.96
27.47,92.20,93.90,15.96,19.91
27.49,92.20,90.70,15.66,19.96
27.51,92.20,92.30,15.30,20.00
27.53,92.20,92.80,15.42,20.05
27.55,92.20,92.80,15.36,20.03
27.57,92.20,92.80,15.60,19.94
27.59,92.20,91.70,15.96,19.94
27.61,92.20,92.80,15.36,19.94
27.63,92.20,91.70,15.42,20.01
27.65,92.20,91.70,15.42,20.03
27.67,92.20,90.10,15.54,20.00
27.69,92.20,91.70,15.72,19.90
27.72,92.20,92.80,16.80,19.87
27.74,92.20,93.90,16.14,19.87
27.76,92.20,89.00,14.70,20.02
27.78,92.20,90.70,15.42,20.08
27.80,92.20,94.50,15.72,20.03
27.82,92.20,93.40,16.32,19.97
27.84,92.20,92.80,16.02,19.85
nan,nan,nan,nan,nan
27.86,92.20,91.20,15.36,19.90
27.88,92.20,91.70,15.42,20.00
27.90,92.20,91.70,15.30,20.04
27.92,92.20,91.70,15.84,19.98
27.94,92.20,91.70,16.14,19.95
27.96,92.20,92.30,16.20,19.91
27.98,92.20,92.30,15.36,20.01
28.00,99.40,90.70,15.36,20.06
28.03,99.40,101.50,15.36,20.09
28.05,99.40,97.20,17.16,19.88
28.07,99.40,99.30,17.28,19.68
28.09,99.40,98.80,17.34,19.65
28.11,99.40,98.80,16.38,19.73
28.13,99.40,101.00,1.02,19.84
28.15,99.40,98.30,17.40,19.85
28.17,99.40,98.30,17.40,19.80
28.19,99.40,100.40,17.22,19.71
28.21,99.40,99.30,17.46,19.77
28.23,99.40,101.00,16.44,19.81
28.25,99.40,100.40,16.74,19.91
28.27,99.40,99.90,17.10,19.87
28.29,99.40,99.30,17.70,19.83
28.31,99.40,101.00,17.28,19.83
28.34,99.40,98.80,17.40,19.89
28.36,99.40,99.30,17.04,19.93
28.38,99.40,99.30,17.40,19.92
28.40,99.40,96.60,17.76,19.85
28.42,99.40,99.90,17.22,19.82
28.44,99.40,96.10,17.46,19.88
28.46,99.40,99.30,17.28,19.91
28.48,99.40,97.20,16.68,20.02
28.50,99.40,102.10,17.10,20.04
28.52,99.40,101.00,17.28,20.00
nan,nan,nan,nan,nan
28.54,99.40,98.80,17.22,19.93
28.56,99.40,98.80,17.28,19.90
28.58,99.40,101.00,17.22,19.90
28.60,99.40,98.30,16.68,19.98
28.62,99.40,101.00,17.16,19.98
28.64,99.40,97.70,16.56,19.97
28.66,99.40,97.70,17.34,19.91
28.68,99.40,99.30,17.88,19.82
28.70,99.40,100.40,17.10,19.90
28.72,99.40,99.90,16.44,19.96
28.74,99.40,100.40,16.98,20.01
28.77,99.40,98.80,17.22,19.92
28.79,99.40,100.40,18.00,19.84
28.81,99.40,97.70,17.28,19.84
28.83,99.40,99.30,16.32,19.98
28.85,99.40,97.20,17.46,20.01
28.87,99.40,99.30,16.38,20.05
28.89,99.40,100.40,17.22,20.01
28.91,99.40,100.40,17.22,19.96
28.93,99.40,99.90,17.22,19.99
28.95,99.40,99.90,17.40,20.00
28.97,99.40,102.10,16.56,20.06
28.99,99.40,97.70,16.44,20.06
29.01,99.40,98.80,17.64,20.03
29.03,99.40,97.20,17.16,19.93
29.05,99.40,102.10,17.64,19.89
29.07,99.40,103.70,17.34,19.86
29.09,99.40,97.20,16.50,20.00
29.11,99.40,98.80,16.38,20.04
29.13,99.40,99.30,17.34,20.00
29.15,99.40,99.90,17.70,19.91
29.17,99.40,100.40,17.16,19.91
29.19,99.40,101.50,17.10,19.97
29.22,99.40,101.50,17.40,20.01
29.24,99.40,99.30,17.28,20.01
29.26,99.40,98.80,17.40,20.04
29.28,99.40,101.00,17.10,20.06
29.30,99.40,100.40,17.28,20.00
29.32,99.40,100.40,17.28,19.95
29.34,99.40,98.80,17.46,19.86
29.36,99.40,101.00,17.34,19.90
29.38,99.40,98.30,17.28,19.97
29.40,99.40,99.30,16.50,20.04
29.42,99.40,95.50,17.52,20.02
29.44,99.40,99.30,18.12,19.95
29.46,99.40,98.30,17.58,19.92
29.48,99.40,101.00,16.86,20.02
29.50,99.40,101.00,16.62,20.08
nan,nan,nan,nan,nan
29.52,99.40,99.30,17.28,20.05
29.54,99.40,99.90,17.34,20.01
29.56,99.40,99.90,17.34,19.94
29.58,99.40,99.30,17.40,19.99
29.60,99.40,100.40,17.10,20.02
29.62,99.40,99.30,17.40,20.05
29.64,99.40,100.40,17.16,20.04
29.66,99.40,101.00,17.22,20.05
29.68,99.40,95.50,17.40,20.02
29.70,99.40,99.90,17.22,20.03
29.73,99.40,98.30,17.70,19.99
29.75,99.40,99.30,17.16,19.98
29.77,99.40,100.40,17.28,19.95
29.79,99.40,98.80,18.06,19.90
29.81,99.40,97.70,17.34,19.95
29.83,99.40,99.30,17.34,19.94
29.85,99.40,101.50,17.46,19.94
29.87,99.40,100.40,17.28,19.90
29.89,99.40,97.70,17.34,19.90
29.91,99.40,101.00,17.34,19.92
29.93,99.40,98.80,17.22,20.04
29.95,99.40,99.90,17.16,20.05
29.97,99.40,95.50,17.40,20.07
29.99,99.40,98.80,17.28,20.01
30.01,100.00,98.30,17.46,19.94
30.03,100.00,101.50,17.22,19.96
30.05,100.00,101.50,17.34,19.93
30.07,100.00,100.40,17.34,19.93
30.09,100.00,101.00,16.92,19.96
30.11,100.00,102.10,17.34,20.00
30.14,100.00,100.40,17.28,19.97
30.16,100.00,99.30,17.88,19.97
30.18,100.00,101.00,17.28,19.95
30.20,100.00,99.30,17.16,20.07
30.22,100.00,101.50,17.04,20.05
30.24,100.00,99.90,17.34,20.03
30.26,100.00,101.00,18.06,19.95
30.28,100.00,98.80,17.28,19.87
30.30,100.00,101.00,17.28,19.89
30.32,100.00,98.30,17.28,19.92
30.34,100.00,97.70,17.58,19.95
nan,nan,nan,nan,nan
30.36,100.00,96.60,17.28,19.98
30.38,100.00,101.50,17.52,19.99
30.40,100.00,99.30,17.16,19.94
30.42,100.00,99.90,17.40,19.97
30.44,100.00,99.30,17.28,19.92
30.46,100.00,98.80,17.34,19.94
30.48,100.00,101.00,17.52,19.91
30.50,100.00,98.80,18.54,19.89
30.52,100.00,99.90,17.22,19.91
30.54,100.00,101.50,17.28,19.98
30.56,100.00,101.00,17.22,19.97
30.58,100.00,98.30,17.28,20.01
30.60,100.00,101.50,17.28,20.03
30.62,100.00,99.30,17.16,20.03
30.65,100.00,101.00,17.28,20.09
30.67,100.00,99.90,17.88,20.04
30.69,100.00,102.10,17.28,20.02
30.71,100.00,98.80,17.34,19.99
30.73,100.00,101.00,17.40,20.02
30.75,100.00,99.30,16.80,20.05
30.77,100.00,99.90,17.58,20.06
30.79,100.00,100.40,17.52,19.95
30.81,100.00,100.40,17.88,19.91
30.83,100.00,103.70,17.34,19.91
30.85,100.00,98.80,16.56,20.01
30.87,100.00,100.40,17.34,20.04
30.89,100.00,98.80,17.46,19.95
30.91,100.00,99.30,17.76,19.94
30.93,100.00,98.30,17.52,19.90
30.95,100.00,101.00,17.28,19.96
30.97,100.00,99.30,16.68,20.04
30.99,100.00,101.50,17.28,20.08
31.01,100.00,98.80,17.34,19.99
31.04,100.00,98.80,17.70,19.95
31.06,100.00,101.50,18.12,19.88
31.08,100.00,101.00,17.34,19.93
31.10,100.00,99.30,17.28,19.96
31.12,100.00,101.50,17.28,19.98
31.14,100.00,100.40,17.28,20.02
31.16,100.00,101.00,17.46,20.00
31.18,100.00,101.00,17.16,20.01
nan,nan,nan,nan,nan
31.20,100.00,101.00,17.58,20.01
31.22,100.00,102.10,17.28,20.03
31.24,100.00,99.30,17.34,20.03
31.26,100.00,102.60,16.86,20.08
31.28,100.00,98.30,17.28,20.01
31.30,100.00,101.50,17.58,20.00
31.32,100.00,101.00,17.40,19.93
31.34,100.00,98.30,17.28,19.96
31.36,100.00,98.30,17.28,20.00
31.38,100.00,101.00,17.76,20.00
31.41,100.00,100.40,17.28,19.99
31.43,100.00,101.50,17.34,19.95
31.45,100.00,99.30,18.06,19.91
31.47,100.00,102.60,17.28,19.91
31.49,100.00,102.60,17.16,19.97
31.51,100.00,98.80,16.92,20.01
31.53,100.00,103.70,17.70,20.06
31.55,100.00,99.90,17.34,20.01
31.57,100.00,99.90,17.28,20.02
31.59,100.00,100.40,17.22,19.97
31.61,100.00,102.10,17.82,19.94
31.63,100.00,98.30,17.76,19.93
31.65,100.00,98.80,17.22,20.00
31.67,100.00,102.60,17.28,20.02
31.69,100.00,101.50,17.34,20.03
31.71,100.00,98.80,17.52,19.97
31.73,100.00,101.50,17.34,19.91
31.75,100.00,100.40,17.22,19.96
31.77,100.00,101.00,17.34,19.92
31.79,100.00,98.80,17.28,19.95
31.81,100.00,99.90,18.00,19.94
31.83,100.00,99.30,17.40,20.00
31.85,100.00,98.30,17.10,20.04
31.87,100.00,101.00,17.22,20.03
31.90,100.00,100.40,17.52,19.95
31.92,100.00,99.90,17.28,19.93
31.94,100.00,99.90,17.46,19.93
31.96,100.00,99.90,17.10,19.99
31.98,100.00,98.30,17.34,20.01
32.00,100.00,102.10,17.94,19.93
32.02,99.40,99.90,17.46,19.92
nan,nan,nan,nan,nan
32.04,99.40,99.30,17.28,19.90
32.06,99.40,98.80,17.34,19.97
32.08,99.40,101.50,17.34,20.01
32.10,99.40,96.10,17.52,20.06
32.12,99.40,97.70,17.28,20.00
32.14,99.40,98.30,17.40,19.98
32.16,99.40,100.40,17.22,19.96
32.18,99.40,98.80,16.68,20.05
32.20,99.40,100.40,17.34,20.06
32.23,99.40,97.70,17.28,20.02
32.25,99.40,99.30,17.46,20.00
32.27,99.40,98.30,17.04,20.01
32.29,99.40,96.60,17.34,20.04
32.31,99.40,98.80,17.64,20.01
32.33,99.40,99.90,17.52,19.99
32.35,99.40,98.80,17.22,20.03
32.37,99.40,99.30,17.16,20.07
32.39,99.40,98.30,17.34,20.00
32.41,99.40,99.30,17.28,20.01
32.43,99.40,99.90,17.58,19.97
32.45,99.40,97.20,17.28,19.99
32.47,99.40,99.90,16.86,20.01
32.49,99.40,98.80,17.10,20.04
32.51,99.40,98.30,17.52,20.00
32.53,99.40,99.30,17.34,19.99
32.55,99.40,101.00,17.58,19.99
32.57,99.40,102.10,16.50,20.07
32.60,99.40,101.50,17.10,20.09
32.62,99.40,98.30,17.10,20.05
32.64,99.40,98.30,17.46,20.01
32.66,99.40,98.30,18.72,19.88
32.68,99.40,97.70,17.28,19.90
32.70,99.40,101.00,17.16,19.94
32.72,99.40,100.40,17.10,20.00
32.74,99.40,99.90,17.28,20.00
32.76,99.40,99.30,17.46,19.95
32.78,99.40,98.80,17.94,19.83
nan,nan,nan,nan,nan
32.80,99.40,97.70,17.88,19.87
32.82,99.40,99.90,17.46,19.95
32.84,99.40,100.40,16.26,20.08
32.86,99.40,98.30,17.04,20.10
32.88,99.40,98.80,17.34,20.03
32.90,99.40,99.90,17.64,20.01
32.92,99.40,101.50,17.28,20.00
32.94,99.40,101.00,17.28,20.06
32.97,99.40,100.40,16.98,20.07
32.99,99.40,98.80,17.58,20.06
33.01,99.40,99.30,17.28,19.98
33.03,99.40,96.60,17.34,19.94
33.05,99.40,98.80,18.24,19.89
33.07,99.40,97.20,17.28,19.97
33.09,99.40,99.30,17.22,20.02
33.11,99.40,101.50,17.22,20.04
33.13,99.40,99.90,17.28,19.98
33.15,99.40,98.80,18.06,19.89
33.17,99.40,97.70,17.34,19.89
33.19,99.40,98.30,17.22,19.98
33.21,99.40,98.80,17.16,20.07
33.23,99.40,99.90,16.86,20.09
33.25,99.40,97.70,17.52,20.02
33.27,99.40,100.40,17.40,19.90
33.29,99.40,99.90,17.28,19.93
33.32,99.40,99.30,17.10,19.93
33.34,99.40,98.30,17.10,19.97
33.36,99.40,99.90,17.34,19.95
33.38,99.40,101.50,17.58,19.94
33.40,99.40,99.30,17.70,19.93
33.42,99.40,99.30,18.00,19.93
nan,nan,nan,nan,nan
33.44,99.40,101.50,17.04,19.94
33.46,99.40,99.30,17.46,20.03
33.48,99.40,98.80,17.28,20.03
33.50,99.40,96.10,17.34,20.03
33.52,99.40,101.50,17.34,20.06
33.54,99.40,99.90,17.28,20.02
33.56,99.40,99.30,17.16,20.06
33.58,99.40,100.40,17.34,19.99
33.60,99.40,101.00,18.24,19.93
33.62,99.40,99.30,17.16,19.93
33.64,99.40,97.20,17.52,20.00
33.67,99.40,97.70,17.16,20.01
33.69,99.40,99.90,17.52,20.05
33.71,99.40,97.70,17.22,20.00
33.73,99.40,99.90,17.46,20.03
33.75,99.40,100.40,17.28,20.00
33.77,99.40,98.30,17.28,19.96
33.79,99.40,99.90,17.64,19.99
33.81,99.40,101.00,17.64,19.92
33.83,99.40,99.90,17.16,19.94
33.85,99.40,101.50,17.16,19.97
33.87,99.40,97.20,18.06,19.97
33.89,99.40,100.40,17.34,19.93
33.91,99.40,98.30,17.40,19.98
33.93,99.40,97.70,17.04,19.97
33.96,99.40,99.30,17.28,20.01
33.98,99.40,99.90,18.18,19.93
34.00,99.40,100.40,17.28,19.94
34.02,92.20,100.40,17.34,20.01
34.04,92.20,92.80,17.10,20.07
34.06,92.20,93.40,16.44,20.16
34.08,92.20,91.70,16.32,20.25
34.10,92.20,92.30,16.32,20.25
34.12,92.20,91.20,16.50,20.22
nan,nan,nan,nan,nan
34.14,92.20,92.30,16.74,20.13
34.16,92.20,94.50,16.32,20.08
34.18,92.20,91.20,16.38,20.12
34.20,92.20,93.90,16.32,20.11
34.22,92.20,90.70,15.42,20.15
34.24,92.20,91.70,16.50,20.13
34.26,92.20,93.90,16.32,20.09
34.28,92.20,93.40,16.44,20.06
34.30,92.20,92.80,15.66,20.09
34.32,92.20,93.40,16.38,20.09
34.34,92.20,91.70,16.68,20.05
34.36,92.20,92.30,17.28,19.95
34.39,92.20,91.70,16.20,19.96
34.41,92.20,89.00,16.38,20.03
34.43,92.20,90.70,16.26,20.05
34.45,92.20,90.70,16.38,20.11
34.47,92.20,96.60,16.38,20.07
34.49,92.20,92.80,16.68,19.99
34.51,92.20,92.80,17.28,19.92
34.53,92.20,91.70,16.44,19.94
34.55,92.20,91.70,16.14,20.00
34.57,92.20,91.70,16.26,20.09
34.59,92.20,91.20,16.32,20.09
34.61,92.20,92.30,16.50,20.10
34.63,92.20,90.70,16.32,20.01
34.65,92.20,92.30,16.50,19.97
34.67,92.20,91.20,16.32,20.02
34.69,92.20,90.10,15.60,20.04
34.71,92.20,92.30,16.26,20.04
34.73,92.20,91.20,16.32,19.99
34.75,92.20,92.30,16.86,19.98
34.77,92.20,92.30,16.02,20.00
34.79,92.20,91.70,16.26,20.11
34.81,92.20,90.70,15.60,20.11
34.83,92.20,91.70,15.72,20.15
34.85,92.20,92.30,16.32,20.04
34.88,92.20,90.10,16.26,19.94
34.90,92.20,89.00,16.44,19.90
34.92,92.20,92.30,16.08,19.93
34.94,92.20,90.70,16.26,20.02
34.96,92.20,92.30,16.14,20.07
34.98,92.20,91.70,16.44,20.07
35.00,92.20,93.90,16.02,20.03
35.02,92.20,91.20,16.68,19.98
35.04,92.20,94.50,17.22,19.89
35.06,92.20,92.80,15.96,19.99
nan,nan,nan,nan,nan
35.08,92.20,90.10,15.72,20.02
35.10,92.20,90.70,15.96,20.05
35.12,92.20,94.50,16.32,19.98
35.14,92.20,92.30,16.38,19.95
35.16,92.20,90.70,16.44,19.99
35.18,92.20,94.50,15.90,20.05
35.20,92.20,96.10,15.96,20.08
35.22,92.20,90.10,16.08,20.09
35.25,92.20,95.00,16.32,20.04
35.27,92.20,91.20,16.32,19.98
35.29,92.20,93.90,16.80,19.97
35.31,92.20,89.60,16.56,19.95
35.33,92.20,91.70,16.26,20.04
35.35,92.20,92.80,16.20,20.03
35.37,92.20,92.80,16.44,20.00
35.39,92.20,92.30,16.38,19.95
35.41,92.20,93.90,16.38,19.97
35.43,92.20,91.70,16.32,19.97
35.45,92.20,89.00,16.02,20.03
35.47,92.20,93.90,16.50,20.01
35.49,92.20,91.70,16.38,19.98
35.51,92.20,92.30,16.44,19.92
35.53,92.20,92.30,16.38,19.91
35.55,92.20,95.50,16.56,19.97
35.57,92.20,92.30,16.44,20.00
35.59,92.20,92.80,16.14,20.05
35.61,92.20,95.00,16.14,20.04
35.64,92.20,93.40,16.50,19.99
35.66,92.20,89.60,16.32,19.91
35.68,92.20,90.70,16.32,19.91
35.70,92.20,91.70,16.62,19.86
35.72,92.20,92.30,16.08,19.93
35.74,92.20,92.80,16.38,19.97
35.76,92.20,90.70,16.26,20.00
35.78,92.20,91.70,16.62,20.01
35.80,92.20,93.40,16.26,20.00
35.82,92.20,92.80,16.44,20.03
35.84,92.20,93.40,16.14,20.04
nan,nan,nan,nan,nan
35.86,92.20,92.30,16.38,20.03
35.88,92.20,91.70,16.44,19.96
35.90,92.20,93.40,16.32,19.98
35.92,92.20,90.70,16.38,19.94
35.94,92.20,91.70,16.32,20.00
35.96,92.20,91.70,16.38,19.96
35.98,92.20,89.00,16.38,19.98
36.00,85.40,90.70,16.50,19.98
36.02,85.40,84.70,16.08,19.98
36.04,85.40,83.10,15.36,20.09
36.07,85.40,84.70,15.18,20.21
36.09,85.40,87.40,15.30,20.26
36.11,85.40,85.20,15.00,20.29
36.13,85.40,85.80,15.42,20.24
36.15,85.40,86.90,15.36,20.14
36.17,85.40,86.30,15.18,20.13
36.19,85.40,85.20,15.78,20.07
36.21,85.40,85.20,14.94,20.13
36.23,85.40,84.10,15.36,20.17
36.25,85.40,85.80,15.06,20.20
36.27,85.40,85.20,15.30,20.11
36.29,85.40,84.10,15.30,20.06
36.31,85.40,86.30,15.24,20.04
36.33,85.40,86.90,15.30,20.07
36.35,85.40,85.20,15.12,20.06
36.37,85.40,88.50,14.82,20.11
36.39,85.40,85.20,15.24,20.11
36.41,85.40,84.10,15.36,20.07
36.44,85.40,86.90,15.24,20.09
36.46,85.40,84.10,15.36,20.07
36.48,85.40,84.70,15.30,20.03
36.50,85.40,85.20,15.54,20.03
36.52,85.40,86.90,15.24,20.05
nan,nan,nan,nan,nan
36.54,85.40,85.20,14.64,20.10
36.56,85.40,84.70,15.36,20.11
36.58,85.40,84.70,15.36,20.01
36.60,85.40,84.70,15.54,19.99
36.63,85.40,85.20,15.36,19.94
36.65,85.40,83.60,15.36,19.99
36.67,85.40,86.30,15.12,19.99
36.69,85.40,86.30,15.30,20.02
36.71,85.40,84.70,15.36,20.03
36.73,85.40,84.70,15.36,20.04
36.75,85.40,83.60,15.36,20.01
36.77,85.40,88.50,14.58,20.05
36.79,85.40,87.90,15.36,20.00
36.81,85.40,84.70,15.18,19.96
36.83,85.40,85.20,15.24,19.96
36.85,85.40,86.30,15.36,19.95
36.87,85.40,83.60,15.36,20.03
36.89,85.40,85.20,15.24,20.05
36.91,85.40,85.20,14.46,20.13
36.93,85.40,86.90,14.64,20.14
36.95,85.40,87.40,14.94,20.12
36.97,85.40,84.10,15.42,20.03
36.99,85.40,85.20,15.42,19.99
37.01,85.40,84.70,15.36,19.94
37.03,85.40,88.50,15.00,19.97
37.06,85.40,84.70,15.42,19.96
37.08,85.40,85.20,15.06,19.97
37.10,85.40,85.80,15.42,20.02
37.12,85.40,84.70,15.30,20.01
37.14,85.40,85.20,15.48,20.02
37.16,85.40,85.80,14.40,20.03
37.18,85.40,86.30,15.60,20.02
37.20,85.40,85.80,15.42,19.95
37.22,85.40,84.70,15.36,19.96
37.24,85.40,86.90,15.60,19.92
nan,nan,nan,nan,nan
37.26,85.40,86.90,15.36,19.98
37.28,85.40,87.90,15.36,20.02
37.30,85.40,85.80,14.94,20.05
37.32,85.40,87.40,15.48,20.01
37.34,85.40,86.30,15.24,19.94
37.36,85.40,83.60,15.42,19.91
37.38,85.40,85.20,15.36,19.91
37.40,85.40,85.20,15.48,19.99
37.42,85.40,82.50,14.46,20.09
37.45,85.40,85.20,15.54,20.10
37.47,85.40,84.70,15.30,19.96
37.49,85.40,83.10,15.48,19.92
37.51,85.40,87.40,15.42,19.89
37.53,85.40,82.00,15.24,20.02
37.55,85.40,83.60,14.46,20.09
37.57,85.40,85.80,14.94,20.12
37.59,85.40,85.80,15.18,20.05
37.61,85.40,84.10,15.30,19.98
37.63,85.40,86.30,15.36,19.95
37.65,85.40,83.60,15.12,19.97
37.67,85.40,86.90,15.36,19.97
37.69,85.40,85.20,15.18,19.97
37.71,85.40,85.80,15.30,20.00
37.73,85.40,87.90,15.30,19.95
37.75,85.40,82.50,15.06,20.00
37.77,85.40,85.80,15.48,19.96
37.79,85.40,85.80,15.24,19.96
37.81,85.40,84.70,15.42,19.94
37.84,85.40,85.80,15.36,19.94
37.86,85.40,85.20,15.36,19.90
37.88,85.40,85.20,15.42,19.94
37.90,85.40,84.70,15.24,19.97
37.92,85.40,84.10,15.42,19.99
nan,nan,nan,nan,nan
37.94,85.40,84.10,15.36,19.97
37.96,85.40,83.10,15.36,19.93
37.98,85.40,83.10,15.36,19.97
38.00,77.70,83.10,15.54,19.98
38.02,77.70,77.10,15.06,20.01
38.04,77.70,77.60,14.64,20.04
38.06,77.70,77.60,13.62,20.18
38.08,77.70,79.30,13.44,20.33
38.10,77.70,80.30,13.80,20.39
38.12,77.70,78.20,14.28,20.30
38.14,77.70,78.70,13.44,20.29
38.16,77.70,76.00,14.34,20.25
38.19,77.70,78.20,13.50,20.24
38.21,77.70,77.60,13.86,20.21
38.23,77.70,77.10,14.40,20.15
38.25,77.70,77.60,13.74,20.11
38.27,77.70,78.20,14.04,20.11
38.29,77.70,77.10,14.22,20.12
38.31,77.70,78.20,13.56,20.15
38.33,77.70,77.10,14.46,20.11
38.35,77.70,72.80,14.40,20.04
38.37,77.70,77.60,14.40,20.03
38.39,77.70,77.60,13.74,19.99
38.41,77.70,79.80,14.40,20.03
38.43,77.70,74.90,14.52,20.03
38.45,77.70,77.60,14.28,20.04
38.47,77.70,77.10,14.16,20.06
38.50,77.70,77.60,14.22,20.09
38.52,77.70,78.20,13.56,20.09
38.54,77.70,76.60,13.62,20.15
38.56,77.70,76.60,14.28,20.09
38.58,77.70,76.00,13.80,20.10
38.60,77.70,81.40,13.44,20.10
38.62,77.70,75.50,13.50,20.07
38.64,77.70,74.90,13.44,20.05
38.66,77.70,77.60,13.56,20.00
nan,nan,nan,nan,nan
38.68,77.70,79.30,13.68,20.02
38.70,77.70,78.20,13.56,20.08
38.72,77.70,78.20,13.50,20.16
38.74,77.70,79.80,13.50,20.14
38.76,77.70,76.00,13.98,20.09
38.78,77.70,78.70,13.80,20.00
38.80,77.70,77.10,13.38,20.05
38.82,77.70,78.70,13.50,20.06
38.84,77.70,77.60,13.80,20.07
38.86,77.70,78.20,13.50,20.06
38.88,77.70,76.00,13.68,20.03
38.90,77.70,78.20,13.50,20.02
38.92,77.70,77.10,13.50,20.01
38.95,77.70,77.60,13.86,19.99
38.97,77.70,74.40,13.44,19.98
38.99,77.70,75.50,14.40,19.97
39.01,77.70,77.10,13.56,19.92
39.03,77.70,79.30,13.38,20.01
39.05,77.70,77.60,13.44,20.02
39.07,77.70,77.10,13.44,20.04
39.09,77.70,75.50,13.44,20.02
39.11,77.70,76.60,14.34,19.98
39.13,77.70,76.60,13.20,19.99
39.15,77.70,78.20,13.62,20.04
39.17,77.70,77.60,13.44,20.04
39.19,77.70,79.30,13.44,20.05
39.21,77.70,78.70,13.38,20.05
39.23,77.70,78.70,13.44,20.01
39.25,77.70,77.10,13.68,20.00
39.27,77.70,76.60,13.86,19.93
39.29,77.70,78.20,13.62,19.95
39.31,77.70,77.60,13.50,19.99
39.33,77.70,77.60,13.50,20.05
39.36,77.70,78.70,13.50,20.04
39.38,77.70,78.70,13.50,20.00
39.40,77.70,78.70,14.10,19.94
39.42,77.70,78.20,13.80,19.94
39.44,77.70,78.20,13.62,19.97
39.46,77.70,79.80,13.44,20.04
39.48,77.70,76.00,13.50,20.05
39.50,77.70,77.60,13.50,20.01
39.52,77.70,78.70,13.62,20.00
39.54,77.70,78.70,13.80,19.93
39.56,77.70,77.10,14.16,19.93
39.58,77.70,74.90,13.50,19.98
nan,nan,nan,nan,nan
39.60,77.70,78.20,13.50,20.04
39.62,77.70,79.80,13.50,20.01
39.64,77.70,77.60,14.22,19.99
39.66,77.70,78.20,14.28,19.90
39.68,77.70,77.60,14.34,19.86
39.70,77.70,76.00,13.74,19.90
39.72,77.70,76.00,13.38,19.99
39.74,77.70,78.70,13.44,20.07
39.77,77.70,76.00,13.50,20.03
39.79,77.70,77.60,14.34,20.00
39.81,77.70,78.20,13.74,19.98
39.83,77.70,77.60,13.44,20.04
39.85,77.70,80.90,13.44,20.07
39.87,77.70,76.00,13.44,20.07
39.89,77.70,74.40,14.40,19.98
39.91,77.70,76.60,13.44,19.99
39.93,77.70,76.00,13.56,19.96
39.95,77.70,79.30,13.44,19.97
39.97,77.70,79.80,13.44,19.99
39.99,77.70,77.60,13.50,20.02
40.01,69.90,77.10,13.62,20.01
40.03,69.90,69.00,13.50,19.95
40.06,69.90,70.00,12.48,20.02
40.08,69.90,67.90,11.64,20.27
40.10,69.90,69.00,11.58,20.42
40.12,69.90,71.10,11.94,20.45
40.14,69.90,72.20,12.54,20.35
nan,nan,nan,nan,nan
40.16,69.90,69.50,12.48,20.20
40.18,69.90,68.40,12.60,20.14
40.20,69.90,71.10,12.48,20.09
40.22,69.90,69.50,12.48,20.14
40.24,69.90,67.30,11.64,20.25
40.26,69.90,72.80,12.18,20.30
40.29,69.90,70.00,12.48,20.23
40.31,69.90,69.00,12.60,20.12
40.33,69.90,71.10,12.42,20.05
40.36,69.90,67.30,12.36,20.07
40.38,69.90,72.20,12.54,20.10
40.40,69.90,68.40,11.52,20.18
40.42,69.90,69.00,11.76,20.19
40.44,69.90,70.00,12.42,20.16
40.46,69.90,67.90,12.48,20.09
40.48,69.90,69.50,12.48,20.06
40.50,69.90,69.50,12.24,20.06
nan,nan,nan,nan,nan
40.52,69.90,70.00,11.58,20.15
40.54,69.90,69.00,11.64,20.16
40.56,69.90,70.00,11.70,20.18
40.58,69.90,69.50,12.42,20.10
40.60,69.90,69.00,12.48,19.97
40.62,69.90,70.60,12.36,19.95
40.65,69.90,70.00,12.54,19.96
40.67,69.90,72.80,11.58,20.03
40.69,69.90,68.40,12.00,20.06
40.71,69.90,67.90,12.54,20.02
40.73,69.90,71.10,12.24,19.99
40.75,69.90,70.60,12.30,20.04
40.77,69.90,69.50,11.58,20.04
40.79,69.90,72.20,12.18,20.06
40.81,69.90,71.70,12.48,20.00
40.83,69.90,71.10,12.42,19.99
40.85,69.90,69.50,11.76,20.05
40.87,69.90,68.40,11.94,20.11
40.89,69.90,69.00,11.46,20.13
40.91,69.90,67.90,12.48,20.09
40.93,69.90,69.50,12.42,20.00
40.95,69.90,70.00,11.76,19.99
40.97,69.90,71.70,12.42,20.01
40.99,69.90,67.90,12.24,19.97
41.01,69.90,70.60,12.36,19.97
41.03,69.90,67.90,12.30,19.96
41.06,69.90,72.20,11.76,19.99
41.08,69.90,71.70,11.88,20.00
41.10,69.90,66.80,12.60,19.97
41.12,69.90,70.60,12.54,19.95
41.14,69.90,72.80,11.70,20.01
41.16,69.90,72.20,11.58,20.04
41.18,69.90,68.40,11.58,20.05
41.20,69.90,69.50,12.36,20.00
41.22,69.90,73.30,12.42,19.95
41.24,69.90,73.80,12.60,19.93
41.26,69.90,67.90,12.48,19.93
41.28,69.90,70.60,11.76,20.02
41.30,69.90,72.80,11.76,20.03
41.32,69.90,70.00,12.54,20.00
nan,nan,nan,nan,nan
41.34,69.90,70.00,12.48,19.98
41.36,69.90,70.00,11.58,20.02
41.38,69.90,70.00,11.58,20.05
41.40,69.90,70.60,11.88,20.07
41.42,69.90,70.00,11.64,20.02
41.44,69.90,67.90,12.48,19.99
41.46,69.90,69.50,11.58,19.99
41.48,69.90,70.00,11.52,20.01
41.51,69.90,69.50,11.70,20.04
41.53,69.90,71.70,12.48,19.99
41.55,69.90,70.60,12.48,19.98
41.57,69.90,69.00,12.54,19.98
41.59,69.90,71.70,11.64,20.05
41.61,69.90,70.00,11.46,20.12
41.63,69.90,72.20,11.52,20.11
41.65,69.90,70.00,12.84,19.96
41.67,69.90,70.00,12.66,19.88
41.69,69.90,71.10,12.06,19.87
41.71,69.90,71.70,11.58,19.96
41.74,69.90,69.50,11.70,20.02
41.76,69.90,70.60,11.76,20.02
41.78,69.90,71.10,12.24,20.00
41.80,69.90,71.70,12.36,19.96
41.82,69.90,71.70,12.36,19.93
41.84,69.90,71.10,11.46,20.00
41.86,69.90,70.00,11.64,20.05
41.88,69.90,70.00,11.76,20.03
41.90,69.90,70.00,12.18,20.02
nan,nan,nan,nan,nan
41.92,69.90,70.60,12.66,19.95
41.94,69.90,70.60,12.36,19.97
41.96,69.90,70.00,11.52,20.00
41.98,69.90,68.40,11.76,20.05
42.00,62.10,68.40,11.64,20.05
42.02,62.10,63.50,11.58,20.03
42.04,62.10,60.30,11.22,20.11
42.06,62.10,64.10,10.62,20.29
42.08,62.10,60.30,10.62,20.37
42.10,62.10,63.00,10.62,20.42
42.12,62.10,61.90,10.56,20.35
42.14,62.10,62.40,10.68,20.26
42.17,62.10,61.90,10.56,20.23
42.19,62.10,61.90,10.38,20.22
42.21,62.10,59.20,10.74,20.22
42.23,62.10,65.20,10.68,20.16
42.25,62.10,61.90,11.04,20.10
42.27,62.10,59.20,10.62,20.08
42.29,62.10,63.00,10.98,20.10
42.31,62.10,60.80,10.62,20.07
42.33,62.10,62.40,10.62,20.12
42.35,62.10,60.30,10.62,20.06
42.37,62.10,61.40,10.56,20.03
42.39,62.10,59.70,10.56,20.05
42.41,62.10,62.40,10.98,20.07
42.43,62.10,62.40,10.56,20.08
42.45,62.10,63.00,10.56,20.12
42.47,62.10,61.40,10.56,20.10
42.49,62.10,60.80,10.62,20.05
42.51,62.10,60.30,11.10,20.03
42.53,62.10,61.90,10.56,20.05
42.55,62.10,58.60,10.50,20.16
42.57,62.10,61.90,9.72,20.19
42.59,62.10,60.80,10.50,20.18
42.61,62.10,58.10,10.56,20.07
42.63,62.10,61.40,10.62,19.95
42.65,62.10,63.50,10.62,19.92
42.67,62.10,61.90,10.80,19.99
42.70,62.10,64.60,9.66,20.09
42.72,62.10,62.40,9.66,20.19
42.74,62.10,62.40,10.50,20.19
42.76,62.10,61.90,10.68,20.08
42.78,62.10,61.40,10.62,20.01
42.80,62.10,59.70,10.62,19.93
42.82,62.10,63.00,10.62,19.97
42.84,62.10,61.40,10.32,20.05
42.86,62.10,61.90,9.66,20.15
42.88,62.10,62.40,9.66,20.17
42.90,62.10,63.50,10.56,20.09
nan,nan,nan,nan,nan
42.92,62.10,60.80,10.68,19.98
42.94,62.10,59.70,10.56,19.99
42.96,62.10,65.20,10.62,20.01
42.98,62.10,63.50,10.50,20.03
43.01,62.10,61.40,10.38,20.01
43.03,62.10,63.50,10.56,19.97
43.05,62.10,63.00,10.50,19.99
43.07,62.10,60.80,10.92,19.96
43.09,62.10,61.40,10.38,19.98
43.11,62.10,60.80,10.56,20.04
43.13,62.10,59.70,10.32,20.07
43.15,62.10,60.80,9.90,20.08
43.17,62.10,61.90,10.56,20.08
43.19,62.10,60.80,10.74,19.96
43.21,62.10,62.40,10.74,19.93
43.23,62.10,63.50,10.14,19.97
43.26,62.10,62.40,10.50,20.05
43.28,62.10,61.90,10.62,20.06
43.30,62.10,64.10,10.32,20.06
43.32,62.10,63.00,10.62,20.04
43.34,62.10,64.60,10.50,20.02
43.36,62.10,62.40,10.62,19.98
nan,nan,nan,nan,nan
43.38,62.10,61.90,10.50,19.98
43.40,62.10,64.60,10.68,19.96
43.42,62.10,63.50,10.68,19.94
43.44,62.10,63.50,10.56,19.97
43.46,62.10,60.30,10.50,20.01
43.48,62.10,61.40,10.20,20.06
43.50,62.10,61.40,10.56,20.01
43.52,62.10,60.30,10.92,19.95
43.54,62.10,62.40,10.20,19.95
43.56,62.10,60.80,10.68,20.00
43.58,62.10,59.70,10.50,20.00
43.61,62.10,61.90,10.56,20.01
43.63,62.10,62.40,10.44,19.96
43.65,62.10,60.80,10.62,19.93
43.67,62.10,63.50,10.56,19.93
43.69,62.10,62.40,9.78,19.98
43.71,62.10,61.90,9.84,20.07
43.73,62.10,63.00,10.56,20.02
43.75,62.10,63.00,10.92,19.96
43.77,62.10,63.50,10.68,19.95
43.79,62.10,61.90,10.32,20.03
43.81,62.10,62.40,9.60,20.09
43.83,62.10,61.40,10.56,20.10
43.85,62.10,62.40,10.98,19.97
43.87,62.10,61.40,10.68,19.93
43.89,62.10,63.00,10.50,19.95
43.91,62.10,61.40,10.44,20.00
43.93,62.10,62.40,10.62,20.03
43.95,62.10,60.30,10.68,20.00
43.97,62.10,60.80,10.62,20.00
43.99,62.10,60.80,10.68,19.96
44.01,54.40,64.60,10.44,19.98
44.04,54.40,54.80,9.72,20.03
44.06,54.40,55.90,9.66,20.16
44.08,54.40,55.90,9.54,20.25
44.10,54.40,55.40,8.82,20.34
44.12,54.40,54.80,8.70,20.30
44.14,54.40,54.30,9.66,20.22
44.16,54.40,52.70,9.66,20.14
44.18,54.40,56.50,9.54,20.15
44.20,54.40,52.10,8.64,20.25
nan,nan,nan,nan,nan
44.22,54.40,55.40,9.00,20.28
44.24,54.40,54.30,8.70,20.23
44.26,54.40,54.30,8.70,20.18
44.28,54.40,55.90,9.66,20.07
44.30,54.40,55.40,9.72,19.99
44.32,54.40,54.30,9.60,20.03
44.34,54.40,52.70,8.70,20.13
44.36,54.40,53.20,8.70,20.21
44.38,54.40,53.80,8.64,20.20
44.41,54.40,52.70,9.54,20.14
44.43,54.40,52.70,8.64,20.09
44.45,54.40,53.20,9.72,20.04
44.47,54.40,57.60,9.30,19.99
44.49,54.40,53.80,8.70,20.07
44.51,54.40,55.90,8.70,20.12
44.53,54.40,52.70,8.70,20.17
44.55,54.40,52.10,8.70,20.14
44.57,54.40,54.80,9.00,20.11
44.59,54.40,53.80,8.70,20.10
44.61,54.40,53.20,8.64,20.05
44.63,54.40,53.20,9.12,20.03
44.65,54.40,53.20,9.66,19.99
44.67,54.40,53.20,9.48,19.99
44.70,54.40,54.80,8.70,20.06
44.72,54.40,54.30,8.70,20.17
44.74,54.40,54.80,8.70,20.13
44.76,54.40,55.40,8.70,20.10
44.78,54.40,54.30,8.70,20.05
44.80,54.40,53.20,8.64,20.04
44.82,54.40,54.30,9.00,20.04
44.84,54.40,56.50,8.64,20.04
44.86,54.40,55.90,8.64,20.07
44.88,54.40,55.90,8.64,20.09
44.90,54.40,56.50,9.12,20.07
nan,nan,nan,nan,nan
44.92,54.40,53.20,8.70,20.04
44.94,54.40,52.70,8.70,20.01
44.96,54.40,58.10,8.76,19.99
44.98,54.40,53.80,9.12,20.00
45.00,54.40,53.20,8.82,19.97
45.02,54.40,54.80,8.64,19.99
45.04,54.40,54.30,9.24,19.97
45.07,54.40,53.80,8.70,19.95
45.09,54.40,55.40,8.70,19.95
45.11,54.40,56.50,9.54,19.94
45.13,54.40,54.30,8.70,19.95
45.15,54.40,57.60,8.64,20.03
45.17,54.40,53.20,8.82,20.03
45.19,54.40,54.80,8.70,20.04
45.21,54.40,55.90,9.36,20.01
45.23,54.40,56.50,8.88,19.98
45.25,54.40,55.40,8.76,19.99
45.27,54.40,54.80,8.76,19.97
45.29,54.40,52.70,8.58,19.96
45.31,54.40,55.90,9.54,19.95
45.33,54.40,55.40,8.64,19.98
45.35,54.40,55.40,8.64,20.04
45.37,54.40,54.80,8.64,20.09
45.40,54.40,54.80,8.94,20.05
45.42,54.40,55.40,8.70,20.02
45.44,54.40,52.70,8.76,20.00
45.46,54.40,54.30,8.70,20.00
45.48,54.40,55.40,8.82,20.02
45.50,54.40,53.20,8.70,20.03
45.52,54.40,54.80,8.64,20.06
45.54,54.40,54.30,8.70,20.08
45.56,54.40,53.80,8.82,20.06
45.58,54.40,54.80,8.64,20.03
45.60,54.40,53.20,9.00,20.02
nan,nan,nan,nan,nan
45.62,54.40,54.30,8.76,20.00
45.64,54.40,55.90,8.70,20.04
45.66,54.40,53.20,8.76,19.99
45.68,54.40,53.20,8.88,19.95
45.70,54.40,53.20,9.24,19.94
45.72,54.40,53.80,8.64,19.95
45.74,54.40,54.30,8.70,19.96
45.76,54.40,55.40,8.76,19.98
45.79,54.40,54.80,8.82,19.97
45.81,54.40,54.30,8.70,20.00
45.83,54.40,53.20,8.70,20.02
45.85,54.40,54.80,8.70,20.01
45.87,54.40,53.80,8.64,20.05
45.89,54.40,55.40,8.76,20.00
45.91,54.40,52.70,8.70,19.98
45.93,54.40,53.80,8.70,19.95
45.95,54.40,54.80,8.64,19.94
45.97,54.40,54.80,8.82,19.96
45.99,54.40,53.80,8.82,19.97
46.01,47.60,53.80,8.64,19.98
46.03,47.60,47.80,8.70,20.03
46.05,47.60,47.30,7.68,20.14
46.07,47.60,46.20,6.84,20.30
46.09,47.60,49.40,7.68,20.36
46.11,47.60,46.70,8.28,20.27
46.13,47.60,46.70,7.80,20.20
nan,nan,nan,nan,nan
46.16,47.60,48.90,7.98,20.15
46.18,47.60,50.00,7.68,20.12
46.20,47.60,49.40,7.74,20.13
46.22,47.60,47.80,7.68,20.11
46.24,47.60,48.90,7.74,20.14
46.26,47.60,46.70,7.74,20.12
46.28,47.60,46.20,7.74,20.10
46.30,47.60,48.30,7.86,20.09
46.32,47.60,48.90,7.74,20.06
46.34,47.60,46.20,7.80,20.10
46.37,47.60,47.30,7.80,20.13
46.39,47.60,47.30,7.80,20.12
46.41,47.60,49.40,7.62,20.13
46.43,47.60,46.20,7.68,20.12
46.45,47.60,47.80,7.74,20.03
46.48,47.60,48.90,7.86,20.02
46.50,47.60,47.30,7.68,20.05
46.52,47.60,48.30,7.74,20.12
46.54,47.60,48.30,7.74,20.14
46.56,47.60,45.60,7.68,20.13
46.58,47.60,48.90,7.62,20.09
46.60,47.60,46.20,7.68,20.05
46.62,47.60,46.70,7.62,20.05
46.64,47.60,50.50,7.50,20.09
nan,nan,nan,nan,nan
46.66,47.60,47.80,7.74,20.07
46.68,47.60,45.60,7.68,20.06
46.70,47.60,45.60,7.62,20.04
46.72,47.60,47.30,7.80,20.00
46.74,47.60,50.00,7.74,20.03
46.77,47.60,47.80,7.20,20.06
46.79,47.60,47.30,7.74,20.08
46.81,47.60,50.00,7.74,20.06
46.83,47.60,47.30,7.74,20.04
46.85,47.60,51.60,7.74,20.03
46.87,47.60,48.90,7.74,20.02
46.89,47.60,48.30,7.74,19.99
46.91,47.60,50.00,7.68,20.01
46.93,47.60,45.60,7.74,20.02
46.95,47.60,48.30,7.68,20.03
46.97,47.60,48.30,7.62,20.00
46.99,47.60,45.60,7.86,19.96
47.01,47.60,48.90,7.68,19.99
47.03,47.60,47.30,7.68,20.02
47.05,47.60,47.80,7.68,20.03
47.07,47.60,48.90,7.56,20.02
47.10,47.60,47.80,7.68,20.02
47.12,47.60,47.80,7.68,20.00
47.14,47.60,48.90,7.68,20.00
47.16,47.60,47.30,7.68,19.98
nan,nan,nan,nan,nan
47.18,47.60,45.60,7.56,20.01
47.20,47.60,45.60,7.68,20.06
47.22,47.60,45.10,7.74,20.06
47.24,47.60,48.30,7.74,20.05
47.26,47.60,46.70,7.68,20.02
47.28,47.60,47.30,7.68,20.00
47.30,47.60,48.30,8.22,19.97
47.32,47.60,47.80,7.74,19.96
47.34,47.60,46.70,7.62,20.03
47.36,47.60,45.10,7.68,20.10
47.38,47.60,50.00,7.68,20.08
47.40,47.60,46.70,7.68,20.01
47.43,47.60,49.40,7.74,19.95
47.45,47.60,48.90,7.68,19.96
47.47,47.60,46.70,7.68,20.03
47.49,47.60,45.60,7.02,20.10
47.51,47.60,47.30,7.68,20.09
47.53,47.60,49.40,7.68,19.99
47.55,47.60,46.20,7.92,19.93
47.57,47.60,45.10,7.68,19.94
47.60,47.60,50.00,7.68,19.96
47.62,47.60,48.90,7.74,20.01
47.64,47.60,47.30,7.68,19.98
47.66,47.60,46.20,8.22,19.92
47.68,47.60,47.30,7.80,19.94
47.70,47.60,47.30,7.68,19.97
47.72,47.60,48.30,7.56,20.05
47.74,47.60,46.70,7.68,20.06
47.76,47.60,48.30,7.68,20.05
47.78,47.60,50.00,7.80,20.01
47.80,47.60,50.00,7.68,20.01
47.82,47.60,44.00,7.80,19.96
nan,nan,nan,nan,nan
47.84,47.60,48.30,7.74,19.98
47.86,47.60,48.90,7.68,20.02
47.88,47.60,45.60,7.68,20.02
47.90,47.60,49.40,7.62,20.01
47.92,47.60,48.90,7.74,19.98
47.94,47.60,50.00,7.44,19.99
47.96,47.60,44.50,7.74,20.01
47.98,47.60,47.30,7.68,19.99
48.01,40.80,44.50,7.68,19.96
48.03,40.80,39.10,7.74,19.95
48.05,40.80,42.90,7.44,20.00
48.07,40.80,40.20,6.78,20.17
48.09,40.80,41.80,6.18,20.28
48.11,40.80,40.20,6.12,20.34
48.13,40.80,41.80,6.78,20.27
48.15,40.80,41.80,6.96,20.12
48.17,40.80,41.30,6.78,20.05
48.19,40.80,40.20,6.66,20.08
48.21,40.80,42.40,6.72,20.15
48.23,40.80,38.60,6.06,20.23
48.25,40.80,38.60,6.72,20.19
48.27,40.80,39.10,6.90,20.09
48.29,40.80,39.70,7.08,20.05
48.31,40.80,41.80,6.06,20.11
48.33,40.80,41.30,5.82,20.22
48.35,40.80,39.70,6.42,20.22
48.37,40.80,41.80,7.02,20.10
48.40,40.80,42.40,6.72,20.02
48.42,40.80,39.10,6.72,20.02
48.44,40.80,39.70,6.66,20.07
48.46,40.80,42.90,6.48,20.13
48.48,40.80,42.90,6.60,20.12
48.50,40.80,43.50,6.78,20.10
48.52,40.80,42.40,6.66,20.09
48.54,40.80,38.00,6.36,20.11
nan,nan,nan,nan,nan
48.56,40.80,43.50,5.82,20.12
48.58,40.80,40.20,6.72,20.05
48.60,40.80,41.80,6.72,19.98
48.62,40.80,39.70,6.78,19.99
48.64,40.80,42.90,6.60,20.01
48.66,40.80,42.90,6.24,20.06
48.68,40.80,42.40,5.82,20.11
48.70,40.80,44.50,5.70,20.10
48.72,40.80,39.70,5.94,20.08
48.74,40.80,39.70,6.78,20.00
48.76,40.80,44.00,6.72,19.94
48.78,40.80,40.20,6.72,19.98
48.80,40.80,39.70,5.82,20.04
48.83,40.80,41.80,5.94,20.09
48.85,40.80,40.70,5.82,20.08
48.87,40.80,39.10,6.72,20.03
48.89,40.80,41.80,6.54,20.02
48.91,40.80,40.20,5.88,20.04
48.93,40.80,39.10,5.70,20.05
48.95,40.80,41.30,6.78,20.02
48.97,40.80,44.00,6.66,19.97
48.99,40.80,44.00,6.60,19.99
49.01,40.80,40.70,5.82,20.03
49.03,40.80,41.30,5.76,20.04
49.05,40.80,39.10,6.78,20.01
49.07,40.80,40.70,6.72,19.97
49.09,40.80,44.00,6.78,19.97
49.11,40.80,39.10,5.82,20.03
49.13,40.80,41.30,5.82,20.06
49.15,40.80,40.70,6.72,20.00
49.17,40.80,41.30,6.66,19.97
49.19,40.80,40.70,6.66,19.96
49.21,40.80,40.20,5.76,20.02
49.23,40.80,42.40,6.18,20.03
49.25,40.80,42.90,6.78,19.97
49.27,40.80,41.30,6.72,19.93
49.29,40.80,40.20,6.78,19.95
49.31,40.80,40.20,6.72,19.98
49.34,40.80,40.70,5.82,20.07
49.36,40.80,40.70,5.82,20.09
49.38,40.80,41.30,6.36,20.06
49.40,40.80,41.80,6.72,20.02
49.42,40.80,41.80,6.66,19.97
49.44,40.80,40.70,5.76,20.02
49.46,40.80,40.20,6.30,20.05
49.48,40.80,41.30,6.18,20.03
nan,nan,nan,nan,nan
49.50,40.80,44.00,6.60,19.99
49.52,40.80,39.70,6.72,19.96
49.54,40.80,39.70,6.66,19.99
49.56,40.80,41.30,5.82,20.07
49.58,40.80,42.40,5.82,20.09
49.60,40.80,38.60,5.88,20.10
49.62,40.80,42.90,6.66,20.02
49.64,40.80,41.80,6.78,19.95
49.66,40.80,38.60,6.72,19.93
49.68,40.80,39.70,6.30,19.94
49.70,40.80,42.90,5.82,20.00
49.73,40.80,39.10,6.00,20.06
49.75,40.80,39.70,5.88,20.03
49.77,40.80,39.70,6.72,19.98
49.79,40.80,43.50,6.78,19.96
49.81,40.80,40.20,6.48,19.96
49.83,40.80,41.30,5.82,20.05
49.85,40.80,41.30,5.82,20.08
49.87,40.80,42.40,5.94,20.05
49.89,40.80,39.70,6.24,20.01
49.91,40.80,38.60,6.72,19.94
49.93,40.80,41.30,6.72,19.90
49.95,40.80,40.70,6.72,19.93
49.97,40.80,41.30,6.06,19.99
49.99,40.80,39.70,5.76,20.07
50.01,34.00,41.80,6.72,20.11
50.03,34.00,33.70,5.82,20.03
50.05,34.00,33.10,5.94,20.03
50.07,34.00,35.30,5.52,20.08
50.09,34.00,34.80,4.80,20.20
50.11,34.00,34.80,4.92,20.30
50.13,34.00,33.70,5.52,20.28
50.16,34.00,34.20,5.70,20.18
50.18,34.00,34.20,5.76,20.10
50.20,34.00,34.80,5.58,20.08
50.22,34.00,34.20,5.76,20.13
50.24,34.00,33.70,4.80,20.14
50.26,34.00,35.30,4.86,20.15
50.28,34.00,33.10,5.82,20.08
50.30,34.00,34.20,5.04,20.02
50.32,34.00,33.70,5.76,20.09
50.34,34.00,32.10,4.98,20.14
50.36,34.00,32.60,5.16,20.17
50.38,34.00,35.90,4.80,20.14
50.40,34.00,33.10,5.76,20.06
50.42,34.00,34.80,5.58,20.03
50.44,34.00,35.30,5.04,20.10
nan,nan,nan,nan,nan
50.46,34.00,33.70,4.86,20.14
50.48,34.00,34.20,4.86,20.16
50.50,34.00,34.80,4.98,20.11
50.52,34.00,34.20,4.80,20.07
50.54,34.00,35.30,4.86,20.07
50.56,34.00,35.30,4.80,20.05
50.58,34.00,34.20,4.74,20.04
50.60,34.00,34.80,4.86,20.03
50.63,34.00,35.30,4.68,20.02
50.65,34.00,34.20,4.80,20.01
50.67,34.00,33.10,4.92,20.02
50.69,34.00,33.70,5.70,20.00
50.71,34.00,34.80,4.86,20.05
50.73,34.00,34.20,4.62,20.11
50.75,34.00,32.60,4.92,20.11
50.77,34.00,32.60,5.34,20.03
50.79,34.00,34.20,5.76,19.94
50.81,34.00,34.20,4.86,19.95
50.83,34.00,35.30,4.86,20.04
50.85,34.00,35.90,4.74,20.14
50.87,34.00,33.10,4.68,20.16
50.89,34.00,33.70,5.34,20.05
50.92,34.00,35.90,5.52,19.94
50.94,34.00,34.80,5.70,19.93
50.96,34.00,35.90,4.86,19.98
50.98,34.00,33.70,4.56,20.09
51.00,34.00,31.50,4.92,20.11
51.02,34.00,35.90,5.34,20.02
51.04,34.00,34.20,5.64,19.94
51.06,34.00,36.40,4.80,19.94
nan,nan,nan,nan,nan
51.08,34.00,34.80,4.80,20.02
51.10,34.00,34.80,4.80,20.08
51.12,34.00,32.60,4.98,20.06
51.14,34.00,36.90,4.86,20.01
51.16,34.00,32.60,4.92,19.99
51.18,34.00,33.70,5.16,19.98
51.20,34.00,36.40,4.86,20.02
51.22,34.00,32.60,4.86,20.02
51.24,34.00,34.20,4.86,20.02
51.26,34.00,32.10,4.86,20.03
51.29,34.00,32.10,4.80,20.03
51.31,34.00,32.10,4.86,20.04
51.33,34.00,34.20,4.80,20.06
51.35,34.00,34.20,5.28,20.01
51.37,34.00,35.90,4.86,19.99
51.39,34.00,33.70,4.80,19.97
51.41,34.00,33.70,4.92,19.97
51.43,34.00,36.40,4.92,19.99
51.45,34.00,35.90,4.80,20.00
51.47,34.00,34.80,4.80,20.01
51.49,34.00,33.10,4.86,20.03
51.51,34.00,35.30,4.98,20.01
51.53,34.00,33.70,4.80,20.02
51.55,34.00,31.50,4.98,19.99
51.57,34.00,34.20,5.04,19.95
51.60,34.00,35.30,4.80,19.93
51.62,34.00,35.30,5.76,19.88
51.64,34.00,33.10,5.40,19.91
51.66,34.00,33.10,4.80,19.99
51.68,34.00,31.00,4.86,20.07
51.70,34.00,34.80,4.80,20.08
51.72,34.00,35.30,5.40,20.00
nan,nan,nan,nan,nan
51.75,34.00,36.40,5.82,19.88
51.77,34.00,34.20,5.46,19.90
51.79,34.00,33.10,4.86,20.00
51.81,34.00,34.80,4.74,20.12
51.83,34.00,33.70,4.80,20.12
51.85,34.00,34.80,4.98,20.03
51.87,34.00,35.90,5.22,19.96
51.89,34.00,36.90,5.34,19.91
51.91,34.00,34.20,4.98,19.94
51.93,34.00,33.70,4.86,20.01
51.95,34.00,34.20,4.86,20.03
51.97,34.00,31.50,4.74,20.00
51.99,34.00,34.80,5.88,19.94
52.01,27.20,35.30,5.88,19.84
52.03,27.20,27.70,4.80,19.91
52.05,27.20,27.70,3.84,20.12
52.08,27.20,27.70,3.18,20.34
52.10,27.20,26.60,3.90,20.39
52.12,27.20,27.20,4.80,20.23
52.14,27.20,27.20,4.86,20.02
52.16,27.20,26.10,4.80,19.97
52.18,27.20,27.20,3.96,20.09
52.20,27.20,26.10,3.84,20.29
52.22,27.20,25.60,3.84,20.34
52.24,27.20,26.10,4.74,20.22
nan,nan,nan,nan,nan
52.26,27.20,28.30,4.86,20.08
52.28,27.20,26.60,4.14,20.03
52.30,27.20,28.30,3.84,20.12
52.32,27.20,28.30,3.90,20.19
52.34,27.20,25.60,4.20,20.15
52.36,27.20,26.60,3.84,20.08
52.38,27.20,29.30,4.02,20.03
52.40,27.20,29.90,4.74,20.01
52.43,27.20,27.20,3.84,20.07
52.45,27.20,25.60,3.72,20.12
52.47,27.20,28.30,3.84,20.14
52.49,27.20,26.60,4.80,20.02
52.51,27.20,26.60,4.86,19.93
52.53,27.20,27.20,4.26,19.95
52.55,27.20,27.20,3.90,20.05
52.57,27.20,25.00,3.84,20.16
52.59,27.20,29.30,3.84,20.17
52.61,27.20,24.50,4.08,20.09
52.63,27.20,26.10,3.84,20.00
52.65,27.20,30.40,3.90,19.98
52.67,27.20,27.20,4.80,19.95
52.69,27.20,27.70,3.90,19.98
52.72,27.20,28.30,3.90,20.03
52.74,27.20,27.70,3.84,20.09
52.76,27.20,26.10,3.90,20.10
52.78,27.20,27.70,3.90,20.04
52.80,27.20,29.30,4.02,20.00
52.82,27.20,27.70,3.90,20.01
52.84,27.20,27.20,3.90,20.03
52.86,27.20,28.30,3.72,20.09
52.88,27.20,26.10,3.90,20.07
nan,nan,nan,nan,nan
52.90,27.20,27.20,4.02,20.01
52.92,27.20,27.20,3.90,19.95
52.94,27.20,27.70,3.90,19.94
52.96,27.20,28.80,3.84,19.97
52.98,27.20,26.10,3.90,19.99
53.00,27.20,25.60,3.96,20.01
53.02,27.20,22.80,3.84,20.05
53.04,27.20,25.00,4.32,20.04
53.06,27.20,27.20,3.90,19.99
53.08,27.20,27.20,4.02,20.00
53.10,27.20,27.20,3.78,20.01
53.12,27.20,28.30,4.02,20.04
53.14,27.20,27.70,3.84,20.06
53.17,27.20,26.60,4.02,20.04
53.19,27.20,26.60,4.08,20.02
53.21,27.20,26.10,3.90,20.02
53.23,27.20,27.70,3.90,20.02
53.25,27.20,28.80,3.96,20.04
53.27,27.20,25.60,3.84,20.02
53.29,27.20,23.90,3.90,19.97
53.31,27.20,28.80,3.96,19.99
53.33,27.20,27.70,3.96,19.99
53.35,27.20,28.30,3.78,20.04
53.37,27.20,27.70,3.90,20.05
53.39,27.20,27.20,4.32,19.98
53.41,27.20,26.10,3.90,19.96
53.43,27.20,27.70,3.96,19.97
53.45,27.20,27.20,3.84,20.02
53.48,27.20,29.30,3.66,20.07
53.50,27.20,25.60,3.90,20.08
53.52,27.20,26.10,3.84,20.04
53.54,27.20,26.60,4.38,19.95
53.56,27.20,27.20,4.80,19.87
53.58,27.20,26.60,3.90,19.93
53.60,27.20,26.60,3.66,20.01
53.62,27.20,27.70,3.90,20.06
53.64,27.20,26.10,4.32,20.02
53.66,27.20,27.20,3.96,19.96
nan,nan,nan,nan,nan
53.68,27.20,25.00,3.84,19.97
53.70,27.20,24.50,3.84,20.00
53.72,27.20,28.80,3.66,20.03
53.74,27.20,26.60,3.72,20.05
53.76,27.20,26.60,4.08,19.99
53.78,27.20,27.20,3.84,19.93
53.80,27.20,24.50,3.96,19.96
53.82,27.20,23.90,3.96,19.98
53.85,27.20,25.60,3.90,20.04
53.87,27.20,28.30,3.90,20.04
53.89,27.20,27.70,3.84,19.98
53.91,27.20,27.70,3.96,19.94
53.93,27.20,27.70,3.90,19.94
53.95,27.20,27.20,4.14,19.97
53.97,27.20,27.20,4.08,20.00
53.99,27.20,25.60,3.96,19.98
54.01,20.40,25.60,3.90,19.97
54.03,20.40,20.10,3.84,19.98
54.05,20.40,21.20,3.18,20.05
54.07,20.40,21.80,2.88,20.19
54.10,20.40,18.50,3.00,20.21
54.12,20.40,21.80,3.00,20.17
54.14,20.40,19.60,3.84,20.13
54.16,20.40,21.80,3.12,20.11
54.18,20.40,21.20,2.94,20.19
54.20,20.40,18.50,2.82,20.24
54.22,20.40,20.70,3.48,20.19
nan,nan,nan,nan,nan
54.24,20.40,19.60,3.12,20.11
54.26,20.40,19.60,3.24,20.03
54.28,20.40,20.70,2.88,20.05
54.30,20.40,19.60,2.94,20.11
54.32,20.40,20.70,2.94,20.11
54.34,20.40,19.00,2.94,20.10
54.36,20.40,19.00,2.94,20.09
54.38,20.40,20.70,2.94,20.06
54.40,20.40,21.20,2.94,20.08
54.42,20.40,18.00,2.88,20.08
54.44,20.40,21.80,3.18,20.09
54.46,20.40,20.10,3.00,20.09
54.49,20.40,20.10,2.94,20.08
54.51,20.40,19.60,2.82,20.11
54.53,20.40,19.00,3.06,20.09
54.55,20.40,20.10,3.00,20.03
54.57,20.40,22.30,2.94,20.03
54.59,20.40,20.70,2.94,20.04
54.61,20.40,19.60,3.00,20.05
54.63,20.40,21.20,2.88,20.09
54.65,20.40,20.70,2.94,20.07
54.67,20.40,20.10,3.12,20.02
54.69,20.40,20.10,2.88,19.98
54.71,20.40,21.20,2.88,19.97
54.73,20.40,20.10,2.94,20.01
54.75,20.40,20.10,3.00,20.03
54.77,20.40,19.60,3.00,20.05
54.79,20.40,22.30,2.94,20.08
54.81,20.40,18.50,2.82,20.06
54.83,20.40,22.30,3.36,19.98
54.86,20.40,19.00,3.66,19.91
54.88,20.40,19.00,3.48,19.90
54.90,20.40,19.00,2.88,20.02
54.92,20.40,18.00,2.76,20.12
54.94,20.40,18.00,2.88,20.14
54.96,20.40,21.20,3.00,20.09
54.98,20.40,21.80,3.12,19.98
55.00,20.40,21.20,3.78,19.90
55.02,20.40,18.50,3.00,19.92
55.04,20.40,19.00,2.94,20.00
nan,nan,nan,nan,nan
55.06,20.40,22.80,2.70,20.07
55.08,20.40,23.40,2.82,20.09
55.10,20.40,17.40,2.94,20.02
55.12,20.40,21.80,2.88,19.98
55.14,20.40,19.00,2.94,19.97
55.16,20.40,21.20,2.76,19.99
55.18,20.40,19.60,2.94,20.03
55.20,20.40,20.10,2.94,20.03
55.22,20.40,19.60,2.88,20.00
55.25,20.40,21.20,2.82,20.02
55.27,20.40,21.80,2.94,20.03
55.29,20.40,19.60,2.88,20.06
55.31,20.40,20.10,3.12,19.99
55.33,20.40,21.20,2.94,19.93
55.35,20.40,23.40,2.94,19.95
55.37,20.40,19.60,2.94,19.97
55.39,20.40,20.70,2.70,20.02
55.41,20.40,19.60,3.12,20.03
55.43,20.40,20.10,3.06,19.99
55.45,20.40,18.00,2.88,20.01
55.47,20.40,22.30,3.00,20.02
55.49,20.40,19.00,2.76,20.03
55.51,20.40,19.60,2.82,20.05
55.53,20.40,19.00,2.94,20.01
55.55,20.40,20.10,3.18,19.96
55.57,20.40,20.70,3.24,19.94
55.59,20.40,21.20,3.06,19.93
55.61,20.40,19.60,2.88,19.96
55.63,20.40,23.90,2.94,19.98
55.65,20.40,21.80,3.36,20.00
55.67,20.40,19.60,2.76,20.04
55.70,20.40,20.10,2.94,20.04
55.72,20.40,20.10,2.88,20.00
55.74,20.40,21.20,2.94,20.02
55.76,20.40,23.40,2.88,20.03
55.78,20.40,20.10,2.88,20.08
55.80,20.40,19.60,3.00,20.08
55.82,20.40,22.30,3.00,20.00
55.84,20.40,19.60,3.18,19.96
nan,nan,nan,nan,nan
55.86,20.40,21.80,2.94,19.94
55.88,20.40,19.60,2.94,19.95
55.90,20.40,20.70,2.88,19.98
55.92,20.40,21.20,2.88,19.99
55.94,20.40,20.70,2.94,20.00
55.96,20.40,20.10,3.30,19.99
55.98,20.40,19.00,2.88,19.93
56.00,13.60,20.70,3.06,19.93
56.03,13.60,13.60,3.42,19.92
56.05,13.60,13.10,2.88,19.97
56.07,13.60,13.60,1.98,20.17
56.09,13.60,12.00,2.16,20.25
56.11,13.60,12.50,2.04,20.22
56.13,13.60,14.20,2.88,20.15
56.15,13.60,13.10,2.88,20.07
56.17,13.60,11.40,2.10,20.10
56.19,13.60,10.90,2.04,20.14
56.21,13.60,12.00,1.98,20.16
56.23,13.60,14.20,1.98,20.12
56.25,13.60,12.50,2.22,20.06
56.27,13.60,14.20,2.46,20.05
56.29,13.60,14.70,1.98,20.11
56.31,13.60,13.10,2.04,20.14
56.33,13.60,16.30,1.98,20.14
56.35,13.60,16.30,1.98,20.09
56.37,13.60,15.80,2.88,20.04
56.39,13.60,12.00,1.98,20.04
56.42,13.60,12.00,1.98,20.05
56.44,13.60,15.20,1.92,20.04
56.46,13.60,14.20,2.88,20.00
56.48,13.60,16.30,2.40,19.98
56.50,13.60,12.50,1.92,20.05
56.52,13.60,13.60,1.92,20.10
56.54,13.60,10.90,2.04,20.08
56.56,13.60,10.90,2.22,20.05
56.58,13.60,12.00,2.70,19.99
56.60,13.60,13.60,2.52,19.99
nan,nan,nan,nan,nan
56.62,13.60,15.20,1.98,20.06
56.64,13.60,12.00,1.98,20.09
56.66,13.60,12.00,1.86,20.09
56.68,13.60,13.60,2.04,20.02
56.70,13.60,10.90,2.10,19.98
56.72,13.60,13.60,1.92,19.98
56.74,13.60,13.60,1.92,20.01
56.76,13.60,13.10,1.98,20.02
56.79,13.60,13.60,2.22,20.02
56.81,13.60,12.00,2.04,19.99
56.83,13.60,13.60,1.98,19.98
56.85,13.60,15.80,2.88,19.95
56.87,13.60,12.00,2.64,19.95
56.89,13.60,13.60,1.98,20.04
56.91,13.60,14.70,1.74,20.10
56.93,13.60,13.10,2.70,20.09
56.95,13.60,14.70,2.04,20.01
56.97,13.60,13.10,2.76,19.93
56.99,13.60,12.00,2.28,19.94
57.02,13.60,12.50,2.04,20.00
57.04,13.60,12.50,1.86,20.05
57.06,13.60,10.40,1.92,20.07
57.08,13.60,14.20,2.10,20.04
57.10,13.60,14.70,2.16,20.01
57.12,13.60,12.00,2.16,19.98
57.14,13.60,13.10,2.70,19.93
57.16,13.60,12.50,2.52,19.95
57.18,13.60,15.20,1.92,20.01
57.20,13.60,13.60,2.16,20.06
57.22,13.60,10.40,1.98,20.07
57.24,13.60,11.40,1.98,20.03
nan,nan,nan,nan,nan
57.26,13.60,14.20,1.92,20.00
57.28,13.60,13.60,2.16,19.98
57.30,13.60,13.10,2.64,19.94
57.32,13.60,14.70,1.86,19.96
57.34,13.60,13.60,2.10,20.01
57.36,13.60,15.80,2.10,20.01
57.38,13.60,14.20,1.98,20.02
57.40,13.60,16.90,1.98,20.00
57.42,13.60,12.50,2.04,19.98
57.45,13.60,14.20,1.92,19.97
57.47,13.60,12.50,2.52,19.94
57.49,13.60,13.60,1.98,19.97
57.51,13.60,13.60,1.98,20.01
57.53,13.60,11.40,2.10,20.00
57.55,13.60,16.30,1.98,20.01
57.57,13.60,15.20,2.94,19.97
57.59,13.60,14.70,1.92,19.99
57.61,13.60,14.20,2.10,20.03
57.63,13.60,13.10,2.04,20.03
57.65,13.60,14.70,2.10,20.01
57.67,13.60,15.80,1.98,19.99
57.69,13.60,12.00,2.76,19.95
57.72,13.60,15.20,1.92,19.98
57.74,13.60,15.80,1.98,20.01
57.76,13.60,14.20,1.98,20.02
57.78,13.60,13.10,2.16,20.01
57.80,13.60,14.20,1.98,19.98
57.82,13.60,11.40,1.86,19.98
57.84,13.60,14.70,3.00,19.95
57.86,13.60,11.40,1.98,19.95
nan,nan,nan,nan,nan
57.88,13.60,14.70,1.98,20.06
57.90,13.60,12.00,1.74,20.13
57.92,13.60,14.70,2.16,20.10
57.94,13.60,13.10,2.40,20.01
57.96,13.60,13.60,2.82,19.91
57.98,13.60,12.50,2.82,19.89
58.00,6.80,14.70,2.64,19.95
58.02,6.80,5.50,1.86,20.04
58.05,6.80,6.60,1.14,20.16
58.07,6.80,6.00,1.68,20.20
58.09,6.80,6.00,2.04,20.17
58.11,6.80,8.20,1.86,20.13
58.13,6.80,4.40,1.86,20.07
58.15,6.80,6.60,1.92,20.04
58.17,6.80,4.40,1.98,20.04
58.19,6.80,8.70,1.44,20.09
58.21,6.80,7.60,1.02,20.16
58.23,6.80,7.10,1.86,20.13
58.25,6.80,6.60,1.92,20.04
58.27,6.80,8.70,2.04,20.01
58.29,6.80,4.40,1.86,20.00
58.31,6.80,6.60,1.08,20.08
58.33,6.80,7.10,1.02,20.16
nan,nan,nan,nan,nan
58.36,6.80,9.30,1.98,20.11
58.38,6.80,9.30,1.98,20.03
58.40,6.80,7.10,1.98,19.98
58.42,6.80,7.60,1.80,19.99
58.44,6.80,8.70,1.92,20.04
58.46,6.80,7.10,1.68,20.05
58.48,6.80,7.60,1.98,20.07
58.50,6.80,6.00,1.56,20.06
58.53,6.80,5.50,1.86,20.05
58.55,6.80,6.00,1.86,20.05
58.57,6.80,5.50,1.92,20.03
58.59,6.80,6.60,1.86,20.03
58.61,6.80,8.70,1.92,20.03
58.63,6.80,5.50,1.98,20.00
58.65,6.80,6.60,1.86,20.01
58.67,6.80,7.60,1.92,19.98
58.69,6.80,6.60,1.92,19.97
58.71,6.80,8.20,2.04,19.97
58.73,6.80,6.60,1.92,19.95
58.75,6.80,7.10,1.74,19.95
58.77,6.80,4.90,1.98,19.95
58.79,6.80,6.60,1.98,19.94
58.81,6.80,8.20,1.44,19.98
58.83,6.80,6.60,1.80,20.04
58.85,6.80,6.60,1.92,20.06
58.87,6.80,7.10,1.92,20.07
58.90,6.80,8.70,1.92,20.06
nan,nan,nan,nan,nan
58.92,6.80,4.40,1.86,20.06
58.94,6.80,5.50,1.92,20.05
58.96,6.80,4.90,1.98,20.04
58.98,6.80,6.60,1.44,20.05
59.00,6.80,6.00,1.92,20.04
59.03,6.80,5.50,1.80,20.04
59.05,6.80,6.60,1.62,20.05
59.07,6.80,5.50,1.92,20.01
59.09,6.80,6.60,1.86,19.95
59.11,6.80,5.50,1.86,19.93
59.13,6.80,8.70,1.92,19.91
59.15,6.80,6.00,1.50,19.97
59.17,6.80,3.80,1.56,20.03
59.19,6.80,8.20,1.02,20.07
59.21,6.80,3.30,1.26,20.06
59.23,6.80,6.60,1.98,19.96
59.25,6.80,7.10,1.92,19.88
59.27,6.80,4.40,1.98,19.88
59.29,6.80,5.50,1.50,19.96
59.31,6.80,7.60,0.84,20.09
59.33,6.80,7.10,1.20,20.08
59.35,6.80,6.00,1.98,20.00
59.38,6.80,5.50,2.16,19.92
59.40,6.80,6.00,1.98,19.90
59.42,6.80,4.90,1.80,19.99
59.44,6.80,7.60,1.08,20.09
nan,nan,nan,nan,nan
59.46,6.80,6.60,1.92,20.06
59.48,6.80,7.10,1.86,20.00
59.50,6.80,7.10,1.98,19.95
59.52,6.80,6.60,1.68,19.96
59.54,6.80,4.90,1.92,20.03
59.56,6.80,8.20,1.92,20.04
59.58,6.80,7.10,1.62,20.05
59.60,6.80,8.20,1.68,20.05
59.62,6.80,5.50,1.98,20.04
59.65,6.80,6.60,1.86,20.05
59.67,6.80,9.30,1.92,20.04
59.69,6.80,6.00,1.92,20.03
59.71,6.80,8.20,1.80,20.04
59.73,6.80,6.00,1.74,20.03
59.75,6.80,7.10,0.96,20.04
59.77,6.80,4.90,1.80,20.01
59.79,6.80,7.60,1.92,19.93
59.81,6.80,7.10,1.86,19.95
59.83,6.80,8.20,1.86,20.00
59.85,6.80,6.60,1.98,20.03
59.87,6.80,6.00,1.86,20.04
59.89,6.80,10.40,1.92,20.03
59.91,6.80,7.10,1.92,20.03
59.93,6.80,6.60,1.98,20.01
59.95,6.80,7.10,1.98,19.98
59.97,6.80,6.60,1.50,19.97
59.99,6.80,8.70,1.92,19.96
60.02,0.00,4.90,1.86,19.94
60.04,0.00,-1.60,1.86,19.95
60.06,0.00,0.60,1.98,19.96
60.08,0.00,-1.00,1.86,20.00
60.10,0.00,-0.50,0.90,20.06
60.12,0.00,1.10,0.78,20.09
60.14,0.00,0.60,1.20,20.08
60.16,0.00,-1.00,1.92,20.02
60.18,0.00,-1.00,1.62,19.98
60.20,0.00,0.60,0.90,20.03
60.22,0.00,-1.00,1.02,20.06
60.24,0.00,-2.10,1.08,20.05
60.26,0.00,0.00,1.86,20.02
nan,nan,nan,nan,nan
60.28,0.00,-1.60,1.26,19.98
60.30,0.00,-1.00,1.02,20.04
60.32,0.00,0.60,1.08,20.09
60.34,0.00,-2.10,1.26,20.05
60.36,0.00,2.80,0.96,20.03
60.38,0.00,-2.10,1.50,19.97
60.40,0.00,-2.10,1.62,19.94
60.42,0.00,-0.50,0.96,20.00
60.44,0.00,-3.20,1.02,20.04
60.46,0.00,-0.50,0.96,20.04
60.48,0.00,0.00,1.98,20.01
60.50,0.00,-1.00,1.86,19.97
60.52,0.00,0.60,1.02,20.02
60.55,0.00,1.10,1.08,20.08
60.57,0.00,0.00,1.20,20.06
60.59,0.00,2.20,0.96,20.04
60.61,0.00,-1.00,1.80,19.98
60.63,0.00,1.10,1.92,19.97
60.65,0.00,-3.70,0.78,20.02
60.67,0.00,1.70,0.90,20.06
60.69,0.00,0.60,1.02,20.06
60.71,0.00,-1.60,1.08,20.02
60.73,0.00,-0.50,1.98,19.97
60.75,0.00,0.00,1.20,19.98
60.77,0.00,-0.50,1.02,20.02
60.79,0.00,1.70,1.02,20.08
60.81,0.00,-1.00,1.26,20.08
60.83,0.00,-0.50,0.90,20.04
60.85,0.00,0.00,1.08,20.01
60.87,0.00,1.10,1.98,19.97
60.89,0.00,-1.00,1.86,19.94
60.91,0.00,-1.00,0.96,20.02
60.93,0.00,2.80,1.02,20.07
60.95,0.00,0.00,1.02,20.05
60.97,0.00,-1.60,1.14,20.03
61.00,0.00,-2.70,1.86,19.98
61.02,0.00,0.00,1.20,19.98
61.04,0.00,1.10,0.96,20.01
61.06,0.00,-0.50,1.08,19.98
61.08,0.00,1.70,1.68,19.96
nan,nan,nan,nan,nan
61.10,0.00,-1.60,1.38,19.94
61.12,0.00,0.60,0.96,19.99
61.14,0.00,-0.50,1.08,20.06
61.16,0.00,0.60,0.96,20.04
61.18,0.00,-0.50,0.90,20.02
61.20,0.00,-1.60,1.92,19.97
61.22,0.00,-1.00,1.14,19.95
61.24,0.00,-2.10,1.02,20.02
61.26,0.00,2.20,0.96,20.07
61.28,0.00,0.60,1.20,20.05
61.30,0.00,-2.70,1.14,20.03
61.32,0.00,-3.20,1.26,19.97
61.34,0.00,2.20,1.02,19.97
61.37,0.00,0.00,1.08,20.00
61.39,0.00,-1.60,1.86,19.97
61.41,0.00,-0.50,0.96,19.98
61.43,0.00,0.60,0.96,20.01
61.45,0.00,1.10,1.08,19.99
61.47,0.00,-1.00,1.92,19.97
61.49,0.00,1.10,1.44,19.95
61.51,0.00,-2.10,0.96,20.00
61.53,0.00,1.70,1.14,20.06
61.55,0.00,0.00,1.02,20.04
61.57,0.00,-0.50,1.02,20.02
61.59,0.00,0.60,1.98,19.97
61.61,0.00,0.00,1.74,19.95
61.63,0.00,-2.10,1.14,20.02
61.65,0.00,2.80,0.96,20.06
61.67,0.00,-2.10,1.02,20.05
61.70,0.00,-1.00,0.90,20.03
61.72,0.00,1.10,1.98,19.97
61.74,0.00,1.10,1.02,19.97
61.76,0.00,-0.50,1.02,20.00
61.78,0.00,0.60,1.02,19.98
61.80,0.00,-1.60,1.74,19.96
61.82,0.00,-0.50,1.50,19.95
61.84,0.00,-1.00,0.84,20.01
61.86,0.00,0.00,1.02,20.07
61.88,0.00,1.10,1.08,20.06
nan,nan,nan,nan,nan
61.90,0.00,-1.60,1.08,20.03
61.92,0.00,0.00,0.96,19.99
61.94,0.00,-0.50,1.68,19.92
61.96,0.00,0.60,1.68,19.92
61.98,0.00,0.60,1.02,19.98
